,AMR,Capacity,HM,PLC,Site
0,33122,40.0,00:00:14,CC-C8-1E,PNB_TVL_OHSR_01
0,33122,40.0,00:00:14,CC-C8-1E,PNB_TVL_OHSR_01
0,33122,40.0,00:00:14,CC-C8-1E,PNB_TVL_OHSR_01
0,33122,40.0,00:00:14,CC-C8-1E,PNB_TVL_OHSR_01
0,33122,40.0,00:00:14,CC-C8-1E,PNB_TVL_OHSR_01
0,33122,40.0,00:00:14,CC-C8-1E,PNB_TVL_OHSR_01
0,33122,40.0,00:00:14,CC-C8-1E,PNB_TVL_OHSR_01
0,33122,40.0,00:00:14,CC-C8-1E,PNB_TVL_OHSR_01
0,33122,40.0,00:00:14,CC-C8-1E,PNB_TVL_OHSR_01
0,33122,40.0,00:00:14,CC-C8-1E,PNB_TVL_OHSR_01
0,33122,40.0,00:00:14,CC-C8-1E,PNB_TVL_OHSR_01
0,33122,40.0,00:00:14,CC-C8-1E,PNB_TVL_OHSR_01
0,33122,40.0,00:00:14,CC-C8-1E,PNB_TVL_OHSR_01
0,33122,40.0,00:00:14,CC-C8-1E,PNB_TVL_OHSR_01
0,33122,40.0,00:00:14,CC-C8-1E,PNB_TVL_OHSR_01
0,33122,40.0,00:00:14,CC-C8-1E,PNB_TVL_OHSR_01
0,33122,40.0,00:00:14,CC-C8-1E,PNB_TVL_OHSR_01
0,33122,40.0,00:00:14,CC-C8-1E,PNB_TVL_OHSR_01
0,33122,40.0,00:00:14,CC-C8-1E,PNB_TVL_OHSR_01
0,33122,40.0,00:00:14,CC-C8-1E,PNB_TVL_OHSR_01
0,33122,40.0,00:00:14,CC-C8-1E,PNB_TVL_OHSR_01
0,33122,40.0,00:00:14,CC-C8-1E,PNB_TVL_OHSR_01
0,33122,40.0,00:00:14,CC-C8-1E,PNB_TVL_OHSR_01
0,33122,40.0,00:00:14,CC-C8-1E,PNB_TVL_OHSR_01
0,33122,40.0,00:00:14,CC-C8-1E,PNB_TVL_OHSR_01
0,33122,40.0,00:00:14,CC-C8-1E,PNB_TVL_OHSR_01
0,33122,40.0,00:00:14,CC-C8-1E,PNB_TVL_OHSR_01
0,33122,40.0,00:00:14,CC-C8-1E,PNB_TVL_OHSR_01
0,33122,40.0,00:00:14,CC-C8-1E,PNB_TVL_OHSR_01
0,33122,40.0,00:00:14,CC-C8-1E,PNB_TVL_OHSR_01
0,33122,40.0,00:00:14,CC-C8-1E,PNB_TVL_OHSR_01
0,33122,40.0,00:00:14,CC-C8-1E,PNB_TVL_OHSR_01
0,33122,40.0,00:00:14,CC-C8-1E,PNB_TVL_OHSR_01
0,33122,40.0,00:00:14,CC-C8-1E,PNB_TVL_OHSR_01
0,33122,40.0,00:00:14,CC-C8-1E,PNB_TVL_OHSR_01
0,33122,40.0,00:00:14,CC-C8-1E,PNB_TVL_OHSR_01
0,33122,40.0,00:00:14,CC-C8-1E,PNB_TVL_OHSR_01
0,33122,40.0,00:00:14,CC-C8-1E,PNB_TVL_OHSR_01
0,33122,40.0,00:00:14,CC-C8-1E,PNB_TVL_OHSR_01
0,33122,40.0,00:00:14,CC-C8-1E,PNB_TVL_OHSR_01
0,33122,40.0,00:00:14,CC-C8-1E,PNB_TVL_OHSR_01
0,33122,40.0,00:00:14,CC-C8-1E,PNB_TVL_OHSR_01
0,33122,40.0,00:00:14,CC-C8-1E,PNB_TVL_OHSR_01
0,33122,40.0,00:00:14,CC-C8-1E,PNB_TVL_OHSR_01
0,33122,40.0,00:00:14,CC-C8-1E,PNB_TVL_OHSR_01
0,33122,40.0,00:00:14,CC-C8-1E,PNB_TVL_OHSR_01
0,33122,40.0,00:00:14,CC-C8-1E,PNB_TVL_OHSR_01
0,33122,40.0,00:00:14,CC-C8-1E,PNB_TVL_OHSR_01
0,33122,40.0,00:00:14,CC-C8-1E,PNB_TVL_OHSR_01
0,33122,40.0,00:00:14,CC-C8-1E,PNB_TVL_OHSR_01
0,33122,40.0,00:00:14,CC-C8-1E,PNB_TVL_OHSR_01
0,33122,40.0,00:00:14,CC-C8-1E,PNB_TVL_OHSR_01
0,33122,40.0,00:00:14,CC-C8-1E,PNB_TVL_OHSR_01
0,33122,40.0,00:00:14,CC-C8-1E,PNB_TVL_OHSR_01
0,33122,40.0,00:00:14,CC-C8-1E,PNB_TVL_OHSR_01
0,33122,40.0,00:00:14,CC-C8-1E,PNB_TVL_OHSR_01
0,33122,40.0,00:00:14,CC-C8-1E,PNB_TVL_OHSR_01
0,33122,40.0,00:00:14,CC-C8-1E,PNB_TVL_OHSR_01
0,33122,40.0,00:00:14,CC-C8-1E,PNB_TVL_OHSR_01
0,33122,40.0,00:00:14,CC-C8-1E,PNB_TVL_OHSR_01
120,33122,40.0,01:00:34,CC-C8-1E,PNB_TVL_OHSR_01
120,33122,40.0,01:00:34,CC-C8-1E,PNB_TVL_OHSR_01
120,33122,40.0,01:00:34,CC-C8-1E,PNB_TVL_OHSR_01
120,33122,40.0,01:00:34,CC-C8-1E,PNB_TVL_OHSR_01
120,33122,40.0,01:00:34,CC-C8-1E,PNB_TVL_OHSR_01
120,33122,40.0,01:00:34,CC-C8-1E,PNB_TVL_OHSR_01
120,33122,40.0,01:00:34,CC-C8-1E,PNB_TVL_OHSR_01
120,33122,40.0,01:00:34,CC-C8-1E,PNB_TVL_OHSR_01
120,33122,40.0,01:00:34,CC-C8-1E,PNB_TVL_OHSR_01
120,33122,40.0,01:00:34,CC-C8-1E,PNB_TVL_OHSR_01
120,33122,40.0,01:00:34,CC-C8-1E,PNB_TVL_OHSR_01
120,33122,40.0,01:00:34,CC-C8-1E,PNB_TVL_OHSR_01
120,33122,40.0,01:00:34,CC-C8-1E,PNB_TVL_OHSR_01
120,33122,40.0,01:00:34,CC-C8-1E,PNB_TVL_OHSR_01
120,33122,40.0,01:00:34,CC-C8-1E,PNB_TVL_OHSR_01
120,33122,40.0,01:00:34,CC-C8-1E,PNB_TVL_OHSR_01
120,33122,40.0,01:00:34,CC-C8-1E,PNB_TVL_OHSR_01
120,33122,40.0,01:00:34,CC-C8-1E,PNB_TVL_OHSR_01
120,33122,40.0,01:00:34,CC-C8-1E,PNB_TVL_OHSR_01
120,33122,40.0,01:00:34,CC-C8-1E,PNB_TVL_OHSR_01
120,33122,40.0,01:00:34,CC-C8-1E,PNB_TVL_OHSR_01
120,33122,40.0,01:00:34,CC-C8-1E,PNB_TVL_OHSR_01
120,33122,40.0,01:00:34,CC-C8-1E,PNB_TVL_OHSR_01
120,33122,40.0,01:00:34,CC-C8-1E,PNB_TVL_OHSR_01
120,33122,40.0,01:00:34,CC-C8-1E,PNB_TVL_OHSR_01
120,33122,40.0,01:00:34,CC-C8-1E,PNB_TVL_OHSR_01
120,33122,40.0,01:00:34,CC-C8-1E,PNB_TVL_OHSR_01
120,33122,40.0,01:00:34,CC-C8-1E,PNB_TVL_OHSR_01
120,33122,40.0,01:00:34,CC-C8-1E,PNB_TVL_OHSR_01
120,33122,40.0,01:00:34,CC-C8-1E,PNB_TVL_OHSR_01
120,33122,40.0,01:00:34,CC-C8-1E,PNB_TVL_OHSR_01
120,33122,40.0,01:00:34,CC-C8-1E,PNB_TVL_OHSR_01
120,33122,40.0,01:00:34,CC-C8-1E,PNB_TVL_OHSR_01
120,33122,40.0,01:00:34,CC-C8-1E,PNB_TVL_OHSR_01
120,33122,40.0,01:00:34,CC-C8-1E,PNB_TVL_OHSR_01
120,33122,40.0,01:00:34,CC-C8-1E,PNB_TVL_OHSR_01
120,33122,40.0,01:00:34,CC-C8-1E,PNB_TVL_OHSR_01
120,33122,40.0,01:00:34,CC-C8-1E,PNB_TVL_OHSR_01
120,33122,40.0,01:00:34,CC-C8-1E,PNB_TVL_OHSR_01
120,33122,40.0,01:00:34,CC-C8-1E,PNB_TVL_OHSR_01
120,33122,40.0,01:00:34,CC-C8-1E,PNB_TVL_OHSR_01
120,33122,40.0,01:00:34,CC-C8-1E,PNB_TVL_OHSR_01
120,33122,40.0,01:00:34,CC-C8-1E,PNB_TVL_OHSR_01
120,33122,40.0,01:00:34,CC-C8-1E,PNB_TVL_OHSR_01
120,33122,40.0,01:00:34,CC-C8-1E,PNB_TVL_OHSR_01
120,33122,40.0,01:00:34,CC-C8-1E,PNB_TVL_OHSR_01
120,33122,40.0,01:00:34,CC-C8-1E,PNB_TVL_OHSR_01
120,33122,40.0,01:00:34,CC-C8-1E,PNB_TVL_OHSR_01
120,33122,40.0,01:00:34,CC-C8-1E,PNB_TVL_OHSR_01
120,33122,40.0,01:00:34,CC-C8-1E,PNB_TVL_OHSR_01
120,33122,40.0,01:00:34,CC-C8-1E,PNB_TVL_OHSR_01
120,33122,40.0,01:00:34,CC-C8-1E,PNB_TVL_OHSR_01
120,33122,40.0,01:00:34,CC-C8-1E,PNB_TVL_OHSR_01
120,33122,40.0,01:00:34,CC-C8-1E,PNB_TVL_OHSR_01
120,33122,40.0,01:00:34,CC-C8-1E,PNB_TVL_OHSR_01
120,33122,40.0,01:00:34,CC-C8-1E,PNB_TVL_OHSR_01
120,33122,40.0,01:00:34,CC-C8-1E,PNB_TVL_OHSR_01
120,33122,40.0,01:00:34,CC-C8-1E,PNB_TVL_OHSR_01
120,33122,40.0,01:00:34,CC-C8-1E,PNB_TVL_OHSR_01
120,33122,40.0,01:00:34,CC-C8-1E,PNB_TVL_OHSR_01
239,33122,40.0,02:00:04,CC-C8-1E,PNB_TVL_OHSR_01
239,33122,40.0,02:00:04,CC-C8-1E,PNB_TVL_OHSR_01
239,33122,40.0,02:00:04,CC-C8-1E,PNB_TVL_OHSR_01
239,33122,40.0,02:00:04,CC-C8-1E,PNB_TVL_OHSR_01
239,33122,40.0,02:00:04,CC-C8-1E,PNB_TVL_OHSR_01
239,33122,40.0,02:00:04,CC-C8-1E,PNB_TVL_OHSR_01
239,33122,40.0,02:00:04,CC-C8-1E,PNB_TVL_OHSR_01
239,33122,40.0,02:00:04,CC-C8-1E,PNB_TVL_OHSR_01
239,33122,40.0,02:00:04,CC-C8-1E,PNB_TVL_OHSR_01
239,33122,40.0,02:00:04,CC-C8-1E,PNB_TVL_OHSR_01
239,33122,40.0,02:00:04,CC-C8-1E,PNB_TVL_OHSR_01
239,33122,40.0,02:00:04,CC-C8-1E,PNB_TVL_OHSR_01
239,33122,40.0,02:00:04,CC-C8-1E,PNB_TVL_OHSR_01
239,33122,40.0,02:00:04,CC-C8-1E,PNB_TVL_OHSR_01
239,33122,40.0,02:00:04,CC-C8-1E,PNB_TVL_OHSR_01
239,33122,40.0,02:00:04,CC-C8-1E,PNB_TVL_OHSR_01
239,33122,40.0,02:00:04,CC-C8-1E,PNB_TVL_OHSR_01
239,33122,40.0,02:00:04,CC-C8-1E,PNB_TVL_OHSR_01
239,33122,40.0,02:00:04,CC-C8-1E,PNB_TVL_OHSR_01
239,33122,40.0,02:00:04,CC-C8-1E,PNB_TVL_OHSR_01
239,33122,40.0,02:00:04,CC-C8-1E,PNB_TVL_OHSR_01
239,33122,40.0,02:00:04,CC-C8-1E,PNB_TVL_OHSR_01
239,33122,40.0,02:00:04,CC-C8-1E,PNB_TVL_OHSR_01
239,33122,40.0,02:00:04,CC-C8-1E,PNB_TVL_OHSR_01
239,33122,40.0,02:00:04,CC-C8-1E,PNB_TVL_OHSR_01
239,33122,40.0,02:00:04,CC-C8-1E,PNB_TVL_OHSR_01
239,33122,40.0,02:00:04,CC-C8-1E,PNB_TVL_OHSR_01
239,33122,40.0,02:00:04,CC-C8-1E,PNB_TVL_OHSR_01
239,33122,40.0,02:00:04,CC-C8-1E,PNB_TVL_OHSR_01
239,33122,40.0,02:00:04,CC-C8-1E,PNB_TVL_OHSR_01
239,33122,40.0,02:00:04,CC-C8-1E,PNB_TVL_OHSR_01
239,33122,40.0,02:00:04,CC-C8-1E,PNB_TVL_OHSR_01
239,33122,40.0,02:00:04,CC-C8-1E,PNB_TVL_OHSR_01
239,33122,40.0,02:00:04,CC-C8-1E,PNB_TVL_OHSR_01
239,33122,40.0,02:00:04,CC-C8-1E,PNB_TVL_OHSR_01
239,33122,40.0,02:00:04,CC-C8-1E,PNB_TVL_OHSR_01
239,33122,40.0,02:00:04,CC-C8-1E,PNB_TVL_OHSR_01
239,33122,40.0,02:00:04,CC-C8-1E,PNB_TVL_OHSR_01
239,33122,40.0,02:00:04,CC-C8-1E,PNB_TVL_OHSR_01
239,33122,40.0,02:00:04,CC-C8-1E,PNB_TVL_OHSR_01
239,33122,40.0,02:00:04,CC-C8-1E,PNB_TVL_OHSR_01
239,33122,40.0,02:00:04,CC-C8-1E,PNB_TVL_OHSR_01
239,33122,40.0,02:00:04,CC-C8-1E,PNB_TVL_OHSR_01
239,33122,40.0,02:00:04,CC-C8-1E,PNB_TVL_OHSR_01
239,33122,40.0,02:00:04,CC-C8-1E,PNB_TVL_OHSR_01
239,33122,40.0,02:00:04,CC-C8-1E,PNB_TVL_OHSR_01
239,33122,40.0,02:00:04,CC-C8-1E,PNB_TVL_OHSR_01
239,33122,40.0,02:00:04,CC-C8-1E,PNB_TVL_OHSR_01
239,33122,40.0,02:00:04,CC-C8-1E,PNB_TVL_OHSR_01
239,33122,40.0,02:00:04,CC-C8-1E,PNB_TVL_OHSR_01
239,33122,40.0,02:00:04,CC-C8-1E,PNB_TVL_OHSR_01
239,33122,40.0,02:00:04,CC-C8-1E,PNB_TVL_OHSR_01
239,33122,40.0,02:00:04,CC-C8-1E,PNB_TVL_OHSR_01
239,33122,40.0,02:00:04,CC-C8-1E,PNB_TVL_OHSR_01
239,33122,40.0,02:00:04,CC-C8-1E,PNB_TVL_OHSR_01
239,33122,40.0,02:00:04,CC-C8-1E,PNB_TVL_OHSR_01
239,33122,40.0,02:00:04,CC-C8-1E,PNB_TVL_OHSR_01
239,33122,40.0,02:00:04,CC-C8-1E,PNB_TVL_OHSR_01
239,33122,40.0,02:00:04,CC-C8-1E,PNB_TVL_OHSR_01
239,33122,40.0,02:00:04,CC-C8-1E,PNB_TVL_OHSR_01
359,33122,40.0,03:00:37,CC-C8-1E,PNB_TVL_OHSR_01
359,33122,40.0,03:00:37,CC-C8-1E,PNB_TVL_OHSR_01
359,33122,40.0,03:00:37,CC-C8-1E,PNB_TVL_OHSR_01
359,33122,40.0,03:00:37,CC-C8-1E,PNB_TVL_OHSR_01
359,33122,40.0,03:00:37,CC-C8-1E,PNB_TVL_OHSR_01
359,33122,40.0,03:00:37,CC-C8-1E,PNB_TVL_OHSR_01
359,33122,40.0,03:00:37,CC-C8-1E,PNB_TVL_OHSR_01
359,33122,40.0,03:00:37,CC-C8-1E,PNB_TVL_OHSR_01
359,33122,40.0,03:00:37,CC-C8-1E,PNB_TVL_OHSR_01
359,33122,40.0,03:00:37,CC-C8-1E,PNB_TVL_OHSR_01
359,33122,40.0,03:00:37,CC-C8-1E,PNB_TVL_OHSR_01
359,33122,40.0,03:00:37,CC-C8-1E,PNB_TVL_OHSR_01
359,33122,40.0,03:00:37,CC-C8-1E,PNB_TVL_OHSR_01
359,33122,40.0,03:00:37,CC-C8-1E,PNB_TVL_OHSR_01
359,33122,40.0,03:00:37,CC-C8-1E,PNB_TVL_OHSR_01
359,33122,40.0,03:00:37,CC-C8-1E,PNB_TVL_OHSR_01
359,33122,40.0,03:00:37,CC-C8-1E,PNB_TVL_OHSR_01
359,33122,40.0,03:00:37,CC-C8-1E,PNB_TVL_OHSR_01
359,33122,40.0,03:00:37,CC-C8-1E,PNB_TVL_OHSR_01
359,33122,40.0,03:00:37,CC-C8-1E,PNB_TVL_OHSR_01
359,33122,40.0,03:00:37,CC-C8-1E,PNB_TVL_OHSR_01
359,33122,40.0,03:00:37,CC-C8-1E,PNB_TVL_OHSR_01
359,33122,40.0,03:00:37,CC-C8-1E,PNB_TVL_OHSR_01
359,33122,40.0,03:00:37,CC-C8-1E,PNB_TVL_OHSR_01
359,33122,40.0,03:00:37,CC-C8-1E,PNB_TVL_OHSR_01
359,33122,40.0,03:00:37,CC-C8-1E,PNB_TVL_OHSR_01
359,33122,40.0,03:00:37,CC-C8-1E,PNB_TVL_OHSR_01
359,33122,40.0,03:00:37,CC-C8-1E,PNB_TVL_OHSR_01
359,33122,40.0,03:00:37,CC-C8-1E,PNB_TVL_OHSR_01
359,33122,40.0,03:00:37,CC-C8-1E,PNB_TVL_OHSR_01
359,33122,40.0,03:00:37,CC-C8-1E,PNB_TVL_OHSR_01
359,33122,40.0,03:00:37,CC-C8-1E,PNB_TVL_OHSR_01
359,33122,40.0,03:00:37,CC-C8-1E,PNB_TVL_OHSR_01
359,33122,40.0,03:00:37,CC-C8-1E,PNB_TVL_OHSR_01
359,33122,40.0,03:00:37,CC-C8-1E,PNB_TVL_OHSR_01
359,33122,40.0,03:00:37,CC-C8-1E,PNB_TVL_OHSR_01
359,33122,40.0,03:00:37,CC-C8-1E,PNB_TVL_OHSR_01
359,33122,40.0,03:00:37,CC-C8-1E,PNB_TVL_OHSR_01
359,33122,40.0,03:00:37,CC-C8-1E,PNB_TVL_OHSR_01
359,33122,40.0,03:00:37,CC-C8-1E,PNB_TVL_OHSR_01
359,33122,40.0,03:00:37,CC-C8-1E,PNB_TVL_OHSR_01
359,33122,40.0,03:00:37,CC-C8-1E,PNB_TVL_OHSR_01
359,33122,40.0,03:00:37,CC-C8-1E,PNB_TVL_OHSR_01
359,33122,40.0,03:00:37,CC-C8-1E,PNB_TVL_OHSR_01
359,33122,40.0,03:00:37,CC-C8-1E,PNB_TVL_OHSR_01
359,33122,40.0,03:00:37,CC-C8-1E,PNB_TVL_OHSR_01
359,33122,40.0,03:00:37,CC-C8-1E,PNB_TVL_OHSR_01
359,33122,40.0,03:00:37,CC-C8-1E,PNB_TVL_OHSR_01
359,33122,40.0,03:00:37,CC-C8-1E,PNB_TVL_OHSR_01
359,33122,40.0,03:00:37,CC-C8-1E,PNB_TVL_OHSR_01
359,33122,40.0,03:00:37,CC-C8-1E,PNB_TVL_OHSR_01
359,33122,40.0,03:00:37,CC-C8-1E,PNB_TVL_OHSR_01
359,33122,40.0,03:00:37,CC-C8-1E,PNB_TVL_OHSR_01
359,33122,40.0,03:00:37,CC-C8-1E,PNB_TVL_OHSR_01
359,33122,40.0,03:00:37,CC-C8-1E,PNB_TVL_OHSR_01
359,33122,40.0,03:00:37,CC-C8-1E,PNB_TVL_OHSR_01
359,33122,40.0,03:00:37,CC-C8-1E,PNB_TVL_OHSR_01
359,33122,40.0,03:00:37,CC-C8-1E,PNB_TVL_OHSR_01
359,33122,40.0,03:00:37,CC-C8-1E,PNB_TVL_OHSR_01
359,33122,40.0,03:00:37,CC-C8-1E,PNB_TVL_OHSR_01
476,33122,40.0,04:01:05,CC-C8-1E,PNB_TVL_OHSR_01
478,33122,40.0,04:02:08,CC-C8-1E,PNB_TVL_OHSR_01
480,33122,40.0,04:03:13,CC-C8-1E,PNB_TVL_OHSR_01
482,33122,40.0,04:04:17,CC-C8-1E,PNB_TVL_OHSR_01
484,33122,40.0,04:05:21,CC-C8-1E,PNB_TVL_OHSR_01
486,33122,40.0,04:06:25,CC-C8-1E,PNB_TVL_OHSR_01
488,33122,40.0,04:07:29,CC-C8-1E,PNB_TVL_OHSR_01
490,33122,40.0,04:08:33,CC-C8-1E,PNB_TVL_OHSR_01
492,33122,40.0,04:09:37,CC-C8-1E,PNB_TVL_OHSR_01
494,33122,40.0,04:10:41,CC-C8-1E,PNB_TVL_OHSR_01
496,33122,40.0,04:11:00,CC-C8-1E,PNB_TVL_OHSR_01
499,33122,40.0,04:12:47,CC-C8-1E,PNB_TVL_OHSR_01
500,33122,40.0,04:13:02,CC-C8-1E,PNB_TVL_OHSR_01
502,33122,40.0,04:14:06,CC-C8-1E,PNB_TVL_OHSR_01
504,33122,40.0,04:15:10,CC-C8-1E,PNB_TVL_OHSR_01
506,33122,40.0,04:16:14,CC-C8-1E,PNB_TVL_OHSR_01
508,33122,40.0,04:17:18,CC-C8-1E,PNB_TVL_OHSR_01
510,33122,40.0,04:18:21,CC-C8-1E,PNB_TVL_OHSR_01
512,33122,40.0,04:19:24,CC-C8-1E,PNB_TVL_OHSR_01
514,33122,40.0,04:20:28,CC-C8-1E,PNB_TVL_OHSR_01
516,33122,40.0,04:21:32,CC-C8-1E,PNB_TVL_OHSR_01
518,33122,40.0,04:22:36,CC-C8-1E,PNB_TVL_OHSR_01
521,33122,40.0,04:23:40,CC-C8-1E,PNB_TVL_OHSR_01
523,33122,40.0,04:24:57,CC-C8-1E,PNB_TVL_OHSR_01
525,33122,40.0,04:26:00,CC-C8-1E,PNB_TVL_OHSR_01
525,33122,40.0,04:26:00,CC-C8-1E,PNB_TVL_OHSR_01
529,33122,40.0,04:28:02,CC-C8-1E,PNB_TVL_OHSR_01
529,33122,40.0,04:28:02,CC-C8-1E,PNB_TVL_OHSR_01
533,33122,40.0,04:30:04,CC-C8-1E,PNB_TVL_OHSR_01
533,33122,40.0,04:30:04,CC-C8-1E,PNB_TVL_OHSR_01
537,33122,40.0,04:32:06,CC-C8-1E,PNB_TVL_OHSR_01
537,33122,40.0,04:32:06,CC-C8-1E,PNB_TVL_OHSR_01
541,33122,40.0,04:34:08,CC-C8-1E,PNB_TVL_OHSR_01
541,33122,40.0,04:34:08,CC-C8-1E,PNB_TVL_OHSR_01
546,33122,40.0,04:36:10,CC-C8-1E,PNB_TVL_OHSR_01
546,33122,40.0,04:36:10,CC-C8-1E,PNB_TVL_OHSR_01
549,33122,40.0,04:38:04,CC-C8-1E,PNB_TVL_OHSR_01
549,33122,40.0,04:38:04,CC-C8-1E,PNB_TVL_OHSR_01
553,33122,40.0,04:40:11,CC-C8-1E,PNB_TVL_OHSR_01
553,33122,40.0,04:40:11,CC-C8-1E,PNB_TVL_OHSR_01
557,33122,40.0,04:42:16,CC-C8-1E,PNB_TVL_OHSR_01
557,33122,40.0,04:42:16,CC-C8-1E,PNB_TVL_OHSR_01
561,33122,40.0,04:44:18,CC-C8-1E,PNB_TVL_OHSR_01
561,33122,40.0,04:44:18,CC-C8-1E,PNB_TVL_OHSR_01
565,33122,40.0,04:46:20,CC-C8-1E,PNB_TVL_OHSR_01
565,33122,40.0,04:46:20,CC-C8-1E,PNB_TVL_OHSR_01
570,33122,40.0,04:48:22,CC-C8-1E,PNB_TVL_OHSR_01
570,33122,40.0,04:48:22,CC-C8-1E,PNB_TVL_OHSR_01
574,33122,40.0,04:50:24,CC-C8-1E,PNB_TVL_OHSR_01
574,33122,40.0,04:50:24,CC-C8-1E,PNB_TVL_OHSR_01
577,33122,40.0,04:52:07,CC-C8-1E,PNB_TVL_OHSR_01
577,33122,40.0,04:52:07,CC-C8-1E,PNB_TVL_OHSR_01
581,33122,40.0,04:54:15,CC-C8-1E,PNB_TVL_OHSR_01
581,33122,40.0,04:54:15,CC-C8-1E,PNB_TVL_OHSR_01
585,33122,40.0,04:56:23,CC-C8-1E,PNB_TVL_OHSR_01
585,33122,40.0,04:56:23,CC-C8-1E,PNB_TVL_OHSR_01
589,33122,40.0,04:58:31,CC-C8-1E,PNB_TVL_OHSR_01
589,33122,40.0,04:58:31,CC-C8-1E,PNB_TVL_OHSR_01
594,33122,40.0,05:00:34,CC-C8-1E,PNB_TVL_OHSR_01
594,33122,40.0,05:00:34,CC-C8-1E,PNB_TVL_OHSR_01
598,33122,40.0,05:02:36,CC-C8-1E,PNB_TVL_OHSR_01
598,33122,40.0,05:02:36,CC-C8-1E,PNB_TVL_OHSR_01
601,33122,40.0,05:04:04,CC-C8-1E,PNB_TVL_OHSR_01
601,33122,40.0,05:04:04,CC-C8-1E,PNB_TVL_OHSR_01
605,33122,40.0,05:06:11,CC-C8-1E,PNB_TVL_OHSR_01
605,33122,40.0,05:06:11,CC-C8-1E,PNB_TVL_OHSR_01
609,33122,40.0,05:08:19,CC-C8-1E,PNB_TVL_OHSR_01
609,33122,40.0,05:08:19,CC-C8-1E,PNB_TVL_OHSR_01
613,33122,40.0,05:10:27,CC-C8-1E,PNB_TVL_OHSR_01
613,33122,40.0,05:10:27,CC-C8-1E,PNB_TVL_OHSR_01
618,33122,40.0,05:12:46,CC-C8-1E,PNB_TVL_OHSR_01
618,33122,40.0,05:12:46,CC-C8-1E,PNB_TVL_OHSR_01
622,33122,40.0,05:14:48,CC-C8-1E,PNB_TVL_OHSR_01
622,33122,40.0,05:14:48,CC-C8-1E,PNB_TVL_OHSR_01
625,33122,40.0,05:16:00,CC-C8-1E,PNB_TVL_OHSR_01
625,33122,40.0,05:16:00,CC-C8-1E,PNB_TVL_OHSR_01
629,33122,40.0,05:18:07,CC-C8-1E,PNB_TVL_OHSR_01
629,33122,40.0,05:18:07,CC-C8-1E,PNB_TVL_OHSR_01
633,33122,40.0,05:20:17,CC-C8-1E,PNB_TVL_OHSR_01
633,33122,40.0,05:20:17,CC-C8-1E,PNB_TVL_OHSR_01
637,33122,40.0,05:22:28,CC-C8-1E,PNB_TVL_OHSR_01
637,33122,40.0,05:22:28,CC-C8-1E,PNB_TVL_OHSR_01
642,33122,40.0,05:24:48,CC-C8-1E,PNB_TVL_OHSR_01
642,33122,40.0,05:24:48,CC-C8-1E,PNB_TVL_OHSR_01
646,33122,40.0,05:26:56,CC-C8-1E,PNB_TVL_OHSR_01
646,33122,40.0,05:26:56,CC-C8-1E,PNB_TVL_OHSR_01
648,33122,40.0,05:28:00,CC-C8-1E,PNB_TVL_OHSR_01
648,33122,40.0,05:28:00,CC-C8-1E,PNB_TVL_OHSR_01
652,33122,40.0,05:30:03,CC-C8-1E,PNB_TVL_OHSR_01
652,33122,40.0,05:30:03,CC-C8-1E,PNB_TVL_OHSR_01
656,33122,40.0,05:32:05,CC-C8-1E,PNB_TVL_OHSR_01
656,33122,40.0,05:32:05,CC-C8-1E,PNB_TVL_OHSR_01
660,33122,40.0,05:34:07,CC-C8-1E,PNB_TVL_OHSR_01
660,33122,40.0,05:34:07,CC-C8-1E,PNB_TVL_OHSR_01
665,33122,40.0,05:36:09,CC-C8-1E,PNB_TVL_OHSR_01
665,33122,40.0,05:36:09,CC-C8-1E,PNB_TVL_OHSR_01
669,33122,40.0,05:38:11,CC-C8-1E,PNB_TVL_OHSR_01
669,33122,40.0,05:38:11,CC-C8-1E,PNB_TVL_OHSR_01
673,33122,40.0,05:40:13,CC-C8-1E,PNB_TVL_OHSR_01
673,33122,40.0,05:40:13,CC-C8-1E,PNB_TVL_OHSR_01
676,33122,40.0,05:42:06,CC-C8-1E,PNB_TVL_OHSR_01
676,33122,40.0,05:42:06,CC-C8-1E,PNB_TVL_OHSR_01
680,33122,40.0,05:44:14,CC-C8-1E,PNB_TVL_OHSR_01
680,33122,40.0,05:44:14,CC-C8-1E,PNB_TVL_OHSR_01
684,33122,40.0,05:46:19,CC-C8-1E,PNB_TVL_OHSR_01
684,33122,40.0,05:46:19,CC-C8-1E,PNB_TVL_OHSR_01
689,33122,40.0,05:48:21,CC-C8-1E,PNB_TVL_OHSR_01
689,33122,40.0,05:48:21,CC-C8-1E,PNB_TVL_OHSR_01
693,33122,40.0,05:50:23,CC-C8-1E,PNB_TVL_OHSR_01
693,33122,40.0,05:50:23,CC-C8-1E,PNB_TVL_OHSR_01
697,33122,40.0,05:52:25,CC-C8-1E,PNB_TVL_OHSR_01
697,33122,40.0,05:52:25,CC-C8-1E,PNB_TVL_OHSR_01
700,33122,40.0,05:54:07,CC-C8-1E,PNB_TVL_OHSR_01
700,33122,40.0,05:54:07,CC-C8-1E,PNB_TVL_OHSR_01
704,33122,40.0,05:56:15,CC-C8-1E,PNB_TVL_OHSR_01
704,33122,40.0,05:56:15,CC-C8-1E,PNB_TVL_OHSR_01
708,33122,40.0,05:58:24,CC-C8-1E,PNB_TVL_OHSR_01
708,33122,40.0,05:58:24,CC-C8-1E,PNB_TVL_OHSR_01
713,33122,40.0,06:00:33,CC-C8-1E,PNB_TVL_OHSR_01
713,33122,40.0,06:00:33,CC-C8-1E,PNB_TVL_OHSR_01
717,33122,40.0,06:02:35,CC-C8-1E,PNB_TVL_OHSR_01
717,33122,40.0,06:02:35,CC-C8-1E,PNB_TVL_OHSR_01
720,33122,40.0,06:04:00,CC-C8-1E,PNB_TVL_OHSR_01
720,33122,40.0,06:04:00,CC-C8-1E,PNB_TVL_OHSR_01
724,33122,40.0,06:06:10,CC-C8-1E,PNB_TVL_OHSR_01
724,33122,40.0,06:06:10,CC-C8-1E,PNB_TVL_OHSR_01
728,33122,40.0,06:08:20,CC-C8-1E,PNB_TVL_OHSR_01
728,33122,40.0,06:08:20,CC-C8-1E,PNB_TVL_OHSR_01
732,33122,40.0,06:10:28,CC-C8-1E,PNB_TVL_OHSR_01
732,33122,40.0,06:10:28,CC-C8-1E,PNB_TVL_OHSR_01
737,33122,40.0,06:12:45,CC-C8-1E,PNB_TVL_OHSR_01
737,33122,40.0,06:12:45,CC-C8-1E,PNB_TVL_OHSR_01
741,33122,40.0,06:14:47,CC-C8-1E,PNB_TVL_OHSR_01
741,33122,40.0,06:14:47,CC-C8-1E,PNB_TVL_OHSR_01
744,33122,40.0,06:16:07,CC-C8-1E,PNB_TVL_OHSR_01
744,33122,40.0,06:16:07,CC-C8-1E,PNB_TVL_OHSR_01
748,33122,40.0,06:18:17,CC-C8-1E,PNB_TVL_OHSR_01
748,33122,40.0,06:18:17,CC-C8-1E,PNB_TVL_OHSR_01
752,33122,40.0,06:20:26,CC-C8-1E,PNB_TVL_OHSR_01
752,33122,40.0,06:20:26,CC-C8-1E,PNB_TVL_OHSR_01
756,33122,40.0,06:22:38,CC-C8-1E,PNB_TVL_OHSR_01
756,33122,40.0,06:22:38,CC-C8-1E,PNB_TVL_OHSR_01
761,33122,40.0,06:24:57,CC-C8-1E,PNB_TVL_OHSR_01
761,33122,40.0,06:24:57,CC-C8-1E,PNB_TVL_OHSR_01
764,33122,40.0,06:26:12,CC-C8-1E,PNB_TVL_OHSR_01
764,33122,40.0,06:26:12,CC-C8-1E,PNB_TVL_OHSR_01
767,33122,40.0,06:28:00,CC-C8-1E,PNB_TVL_OHSR_01
767,33122,40.0,06:28:00,CC-C8-1E,PNB_TVL_OHSR_01
771,33122,40.0,06:30:02,CC-C8-1E,PNB_TVL_OHSR_01
771,33122,40.0,06:30:02,CC-C8-1E,PNB_TVL_OHSR_01
775,33122,40.0,06:32:04,CC-C8-1E,PNB_TVL_OHSR_01
775,33122,40.0,06:32:04,CC-C8-1E,PNB_TVL_OHSR_01
779,33122,40.0,06:34:06,CC-C8-1E,PNB_TVL_OHSR_01
779,33122,40.0,06:34:06,CC-C8-1E,PNB_TVL_OHSR_01
784,33122,40.0,06:36:08,CC-C8-1E,PNB_TVL_OHSR_01
784,33122,40.0,06:36:08,CC-C8-1E,PNB_TVL_OHSR_01
787,33122,40.0,06:38:10,CC-C8-1E,PNB_TVL_OHSR_01
787,33122,40.0,06:38:10,CC-C8-1E,PNB_TVL_OHSR_01
791,33122,40.0,06:40:12,CC-C8-1E,PNB_TVL_OHSR_01
791,33122,40.0,06:40:12,CC-C8-1E,PNB_TVL_OHSR_01
795,33122,40.0,06:42:14,CC-C8-1E,PNB_TVL_OHSR_01
795,33122,40.0,06:42:14,CC-C8-1E,PNB_TVL_OHSR_01
799,33122,40.0,06:44:16,CC-C8-1E,PNB_TVL_OHSR_01
799,33122,40.0,06:44:16,CC-C8-1E,PNB_TVL_OHSR_01
803,33122,40.0,06:46:18,CC-C8-1E,PNB_TVL_OHSR_01
803,33122,40.0,06:46:18,CC-C8-1E,PNB_TVL_OHSR_01
808,33122,40.0,06:48:20,CC-C8-1E,PNB_TVL_OHSR_01
808,33122,40.0,06:48:20,CC-C8-1E,PNB_TVL_OHSR_01
811,33122,40.0,06:50:12,CC-C8-1E,PNB_TVL_OHSR_01
811,33122,40.0,06:50:12,CC-C8-1E,PNB_TVL_OHSR_01
815,33122,40.0,06:52:22,CC-C8-1E,PNB_TVL_OHSR_01
815,33122,40.0,06:52:22,CC-C8-1E,PNB_TVL_OHSR_01
819,33122,40.0,06:54:26,CC-C8-1E,PNB_TVL_OHSR_01
819,33122,40.0,06:54:26,CC-C8-1E,PNB_TVL_OHSR_01
823,33122,40.0,06:56:28,CC-C8-1E,PNB_TVL_OHSR_01
823,33122,40.0,06:56:28,CC-C8-1E,PNB_TVL_OHSR_01
827,33122,40.0,06:58:30,CC-C8-1E,PNB_TVL_OHSR_01
827,33122,40.0,06:58:30,CC-C8-1E,PNB_TVL_OHSR_01
830,33122,40.0,07:00:08,CC-C8-1E,PNB_TVL_OHSR_01
830,33122,40.0,07:00:08,CC-C8-1E,PNB_TVL_OHSR_01
832,33122,40.0,07:02:27,CC-C8-1E,PNB_TVL_OHSR_01
832,33122,40.0,07:02:27,CC-C8-1E,PNB_TVL_OHSR_01
836,33122,40.0,07:04:35,CC-C8-1E,PNB_TVL_OHSR_01
836,33122,40.0,07:04:35,CC-C8-1E,PNB_TVL_OHSR_01
840,33122,40.0,07:06:38,CC-C8-1E,PNB_TVL_OHSR_01
840,33122,40.0,07:06:38,CC-C8-1E,PNB_TVL_OHSR_01
844,33122,40.0,07:08:40,CC-C8-1E,PNB_TVL_OHSR_01
844,33122,40.0,07:08:40,CC-C8-1E,PNB_TVL_OHSR_01
848,33122,40.0,07:10:42,CC-C8-1E,PNB_TVL_OHSR_01
848,33122,40.0,07:10:42,CC-C8-1E,PNB_TVL_OHSR_01
852,33122,40.0,07:12:06,CC-C8-1E,PNB_TVL_OHSR_01
852,33122,40.0,07:12:06,CC-C8-1E,PNB_TVL_OHSR_01
856,33122,40.0,07:14:29,CC-C8-1E,PNB_TVL_OHSR_01
856,33122,40.0,07:14:29,CC-C8-1E,PNB_TVL_OHSR_01
860,33122,40.0,07:16:36,CC-C8-1E,PNB_TVL_OHSR_01
860,33122,40.0,07:16:36,CC-C8-1E,PNB_TVL_OHSR_01
864,33122,40.0,07:18:44,CC-C8-1E,PNB_TVL_OHSR_01
864,33122,40.0,07:18:44,CC-C8-1E,PNB_TVL_OHSR_01
868,33122,40.0,07:20:52,CC-C8-1E,PNB_TVL_OHSR_01
868,33122,40.0,07:20:52,CC-C8-1E,PNB_TVL_OHSR_01
872,33122,40.0,07:22:54,CC-C8-1E,PNB_TVL_OHSR_01
872,33122,40.0,07:22:54,CC-C8-1E,PNB_TVL_OHSR_01
876,33122,40.0,07:24:03,CC-C8-1E,PNB_TVL_OHSR_01
876,33122,40.0,07:24:03,CC-C8-1E,PNB_TVL_OHSR_01
880,33122,40.0,07:26:22,CC-C8-1E,PNB_TVL_OHSR_01
880,33122,40.0,07:26:22,CC-C8-1E,PNB_TVL_OHSR_01
884,33122,40.0,07:28:31,CC-C8-1E,PNB_TVL_OHSR_01
884,33122,40.0,07:28:31,CC-C8-1E,PNB_TVL_OHSR_01
887,33122,40.0,07:30:01,CC-C8-1E,PNB_TVL_OHSR_01
887,33122,40.0,07:30:01,CC-C8-1E,PNB_TVL_OHSR_01
891,33122,40.0,07:32:03,CC-C8-1E,PNB_TVL_OHSR_01
891,33122,40.0,07:32:03,CC-C8-1E,PNB_TVL_OHSR_01
895,33122,40.0,07:34:05,CC-C8-1E,PNB_TVL_OHSR_01
895,33122,40.0,07:34:05,CC-C8-1E,PNB_TVL_OHSR_01
900,33122,40.0,07:36:07,CC-C8-1E,PNB_TVL_OHSR_01
900,33122,40.0,07:36:07,CC-C8-1E,PNB_TVL_OHSR_01
903,33122,40.0,07:38:09,CC-C8-1E,PNB_TVL_OHSR_01
903,33122,40.0,07:38:09,CC-C8-1E,PNB_TVL_OHSR_01
907,33122,40.0,07:40:11,CC-C8-1E,PNB_TVL_OHSR_01
907,33122,40.0,07:40:11,CC-C8-1E,PNB_TVL_OHSR_01
911,33122,40.0,07:42:13,CC-C8-1E,PNB_TVL_OHSR_01
911,33122,40.0,07:42:13,CC-C8-1E,PNB_TVL_OHSR_01
915,33122,40.0,07:44:15,CC-C8-1E,PNB_TVL_OHSR_01
915,33122,40.0,07:44:15,CC-C8-1E,PNB_TVL_OHSR_01
919,33122,40.0,07:46:17,CC-C8-1E,PNB_TVL_OHSR_01
919,33122,40.0,07:46:17,CC-C8-1E,PNB_TVL_OHSR_01
924,33122,40.0,07:48:19,CC-C8-1E,PNB_TVL_OHSR_01
924,33122,40.0,07:48:19,CC-C8-1E,PNB_TVL_OHSR_01
927,33122,40.0,07:50:13,CC-C8-1E,PNB_TVL_OHSR_01
927,33122,40.0,07:50:13,CC-C8-1E,PNB_TVL_OHSR_01
931,33122,40.0,07:52:22,CC-C8-1E,PNB_TVL_OHSR_01
931,33122,40.0,07:52:22,CC-C8-1E,PNB_TVL_OHSR_01
935,33122,40.0,07:54:25,CC-C8-1E,PNB_TVL_OHSR_01
935,33122,40.0,07:54:25,CC-C8-1E,PNB_TVL_OHSR_01
939,33122,40.0,07:56:27,CC-C8-1E,PNB_TVL_OHSR_01
939,33122,40.0,07:56:27,CC-C8-1E,PNB_TVL_OHSR_01
943,33122,40.0,07:58:29,CC-C8-1E,PNB_TVL_OHSR_01
943,33122,40.0,07:58:29,CC-C8-1E,PNB_TVL_OHSR_01
948,33122,40.0,08:00:31,CC-C8-1E,PNB_TVL_OHSR_01
948,33122,40.0,08:00:31,CC-C8-1E,PNB_TVL_OHSR_01
951,33122,40.0,08:02:07,CC-C8-1E,PNB_TVL_OHSR_01
951,33122,40.0,08:02:07,CC-C8-1E,PNB_TVL_OHSR_01
955,33122,40.0,08:04:15,CC-C8-1E,PNB_TVL_OHSR_01
955,33122,40.0,08:04:15,CC-C8-1E,PNB_TVL_OHSR_01
959,33122,40.0,08:06:22,CC-C8-1E,PNB_TVL_OHSR_01
959,33122,40.0,08:06:22,CC-C8-1E,PNB_TVL_OHSR_01
963,33122,40.0,08:08:30,CC-C8-1E,PNB_TVL_OHSR_01
963,33122,40.0,08:08:30,CC-C8-1E,PNB_TVL_OHSR_01
967,33122,40.0,08:10:37,CC-C8-1E,PNB_TVL_OHSR_01
967,33122,40.0,08:10:37,CC-C8-1E,PNB_TVL_OHSR_01
972,33122,40.0,08:12:43,CC-C8-1E,PNB_TVL_OHSR_01
972,33122,40.0,08:12:43,CC-C8-1E,PNB_TVL_OHSR_01
975,33122,40.0,08:14:03,CC-C8-1E,PNB_TVL_OHSR_01
975,33122,40.0,08:14:03,CC-C8-1E,PNB_TVL_OHSR_01
979,33122,40.0,08:16:11,CC-C8-1E,PNB_TVL_OHSR_01
979,33122,40.0,08:16:11,CC-C8-1E,PNB_TVL_OHSR_01
983,33122,40.0,08:18:18,CC-C8-1E,PNB_TVL_OHSR_01
983,33122,40.0,08:18:18,CC-C8-1E,PNB_TVL_OHSR_01
987,33122,40.0,08:20:26,CC-C8-1E,PNB_TVL_OHSR_01
987,33122,40.0,08:20:26,CC-C8-1E,PNB_TVL_OHSR_01
991,33122,40.0,08:22:33,CC-C8-1E,PNB_TVL_OHSR_01
991,33122,40.0,08:22:33,CC-C8-1E,PNB_TVL_OHSR_01
996,33122,40.0,08:24:53,CC-C8-1E,PNB_TVL_OHSR_01
996,33122,40.0,08:24:53,CC-C8-1E,PNB_TVL_OHSR_01
1000,33122,40.0,08:26:57,CC-C8-1E,PNB_TVL_OHSR_01
1000,33122,40.0,08:26:57,CC-C8-1E,PNB_TVL_OHSR_01
1003,33122,40.0,08:28:05,CC-C8-1E,PNB_TVL_OHSR_01
1003,33122,40.0,08:28:05,CC-C8-1E,PNB_TVL_OHSR_01
1006,33122,40.0,08:30:00,CC-C8-1E,PNB_TVL_OHSR_01
1006,33122,40.0,08:30:00,CC-C8-1E,PNB_TVL_OHSR_01
1010,33122,40.0,08:32:02,CC-C8-1E,PNB_TVL_OHSR_01
1010,33122,40.0,08:32:02,CC-C8-1E,PNB_TVL_OHSR_01
1014,33122,40.0,08:34:04,CC-C8-1E,PNB_TVL_OHSR_01
1014,33122,40.0,08:34:04,CC-C8-1E,PNB_TVL_OHSR_01
1019,33122,40.0,08:36:06,CC-C8-1E,PNB_TVL_OHSR_01
1019,33122,40.0,08:36:06,CC-C8-1E,PNB_TVL_OHSR_01
1022,33122,40.0,08:38:05,CC-C8-1E,PNB_TVL_OHSR_01
1022,33122,40.0,08:38:05,CC-C8-1E,PNB_TVL_OHSR_01
1026,33122,40.0,08:40:10,CC-C8-1E,PNB_TVL_OHSR_01
1026,33122,40.0,08:40:10,CC-C8-1E,PNB_TVL_OHSR_01
1030,33122,40.0,08:42:12,CC-C8-1E,PNB_TVL_OHSR_01
1030,33122,40.0,08:42:12,CC-C8-1E,PNB_TVL_OHSR_01
1034,33122,40.0,08:44:14,CC-C8-1E,PNB_TVL_OHSR_01
1034,33122,40.0,08:44:14,CC-C8-1E,PNB_TVL_OHSR_01
1038,33122,40.0,08:46:16,CC-C8-1E,PNB_TVL_OHSR_01
1038,33122,40.0,08:46:16,CC-C8-1E,PNB_TVL_OHSR_01
1043,33122,40.0,08:48:18,CC-C8-1E,PNB_TVL_OHSR_01
1043,33122,40.0,08:48:18,CC-C8-1E,PNB_TVL_OHSR_01
1046,33122,40.0,08:50:01,CC-C8-1E,PNB_TVL_OHSR_01
1046,33122,40.0,08:50:01,CC-C8-1E,PNB_TVL_OHSR_01
1050,33122,40.0,08:52:08,CC-C8-1E,PNB_TVL_OHSR_01
1050,33122,40.0,08:52:08,CC-C8-1E,PNB_TVL_OHSR_01
1054,33122,40.0,08:54:16,CC-C8-1E,PNB_TVL_OHSR_01
1054,33122,40.0,08:54:16,CC-C8-1E,PNB_TVL_OHSR_01
1058,33122,40.0,08:56:24,CC-C8-1E,PNB_TVL_OHSR_01
1058,33122,40.0,08:56:24,CC-C8-1E,PNB_TVL_OHSR_01
1062,33122,40.0,08:58:28,CC-C8-1E,PNB_TVL_OHSR_01
1062,33122,40.0,08:58:28,CC-C8-1E,PNB_TVL_OHSR_01
1067,33122,40.0,09:00:30,CC-C8-1E,PNB_TVL_OHSR_01
1067,33122,40.0,09:00:30,CC-C8-1E,PNB_TVL_OHSR_01
1071,33122,40.0,09:02:32,CC-C8-1E,PNB_TVL_OHSR_01
1071,33122,40.0,09:02:32,CC-C8-1E,PNB_TVL_OHSR_01
1074,33122,40.0,09:04:01,CC-C8-1E,PNB_TVL_OHSR_01
1074,33122,40.0,09:04:01,CC-C8-1E,PNB_TVL_OHSR_01
1078,33122,40.0,09:06:09,CC-C8-1E,PNB_TVL_OHSR_01
1078,33122,40.0,09:06:09,CC-C8-1E,PNB_TVL_OHSR_01
1082,33122,40.0,09:08:17,CC-C8-1E,PNB_TVL_OHSR_01
1082,33122,40.0,09:08:17,CC-C8-1E,PNB_TVL_OHSR_01
1086,33122,40.0,09:10:27,CC-C8-1E,PNB_TVL_OHSR_01
1086,33122,40.0,09:10:27,CC-C8-1E,PNB_TVL_OHSR_01
1091,33122,40.0,09:12:42,CC-C8-1E,PNB_TVL_OHSR_01
1091,33122,40.0,09:12:42,CC-C8-1E,PNB_TVL_OHSR_01
1095,33122,40.0,09:14:44,CC-C8-1E,PNB_TVL_OHSR_01
1095,33122,40.0,09:14:44,CC-C8-1E,PNB_TVL_OHSR_01
1099,33122,40.0,09:16:46,CC-C8-1E,PNB_TVL_OHSR_01
1099,33122,40.0,09:16:46,CC-C8-1E,PNB_TVL_OHSR_01
1102,33122,40.0,09:18:05,CC-C8-1E,PNB_TVL_OHSR_01
1102,33122,40.0,09:18:05,CC-C8-1E,PNB_TVL_OHSR_01
1106,33122,40.0,09:20:12,CC-C8-1E,PNB_TVL_OHSR_01
1106,33122,40.0,09:20:12,CC-C8-1E,PNB_TVL_OHSR_01
1110,33122,40.0,09:22:19,CC-C8-1E,PNB_TVL_OHSR_01
1110,33122,40.0,09:22:19,CC-C8-1E,PNB_TVL_OHSR_01
1115,33122,40.0,09:24:38,CC-C8-1E,PNB_TVL_OHSR_01
1115,33122,40.0,09:24:38,CC-C8-1E,PNB_TVL_OHSR_01
1119,33122,40.0,09:26:46,CC-C8-1E,PNB_TVL_OHSR_01
1119,33122,40.0,09:26:46,CC-C8-1E,PNB_TVL_OHSR_01
1123,33122,40.0,09:28:54,CC-C8-1E,PNB_TVL_OHSR_01
1123,33122,40.0,09:28:54,CC-C8-1E,PNB_TVL_OHSR_01
1127,33122,40.0,09:31:00,CC-C8-1E,PNB_TVL_OHSR_01
1127,33122,40.0,09:31:00,CC-C8-1E,PNB_TVL_OHSR_01
1127,33122,40.0,09:31:00,CC-C8-1E,PNB_TVL_OHSR_01
1133,33122,40.0,09:34:03,CC-C8-1E,PNB_TVL_OHSR_01
1133,33122,40.0,09:34:03,CC-C8-1E,PNB_TVL_OHSR_01
1133,33122,40.0,09:34:03,CC-C8-1E,PNB_TVL_OHSR_01
1140,33122,40.0,09:37:06,CC-C8-1E,PNB_TVL_OHSR_01
1140,33122,40.0,09:37:06,CC-C8-1E,PNB_TVL_OHSR_01
1140,33122,40.0,09:37:06,CC-C8-1E,PNB_TVL_OHSR_01
1146,33122,40.0,09:40:09,CC-C8-1E,PNB_TVL_OHSR_01
1146,33122,40.0,09:40:09,CC-C8-1E,PNB_TVL_OHSR_01
1146,33122,40.0,09:40:09,CC-C8-1E,PNB_TVL_OHSR_01
1152,33122,40.0,09:43:12,CC-C8-1E,PNB_TVL_OHSR_01
1152,33122,40.0,09:43:12,CC-C8-1E,PNB_TVL_OHSR_01
1152,33122,40.0,09:43:12,CC-C8-1E,PNB_TVL_OHSR_01
1157,33122,40.0,09:46:05,CC-C8-1E,PNB_TVL_OHSR_01
1157,33122,40.0,09:46:05,CC-C8-1E,PNB_TVL_OHSR_01
1157,33122,40.0,09:46:05,CC-C8-1E,PNB_TVL_OHSR_01
1164,33122,40.0,09:49:18,CC-C8-1E,PNB_TVL_OHSR_01
1164,33122,40.0,09:49:18,CC-C8-1E,PNB_TVL_OHSR_01
1164,33122,40.0,09:49:18,CC-C8-1E,PNB_TVL_OHSR_01
1170,33122,40.0,09:52:21,CC-C8-1E,PNB_TVL_OHSR_01
1170,33122,40.0,09:52:21,CC-C8-1E,PNB_TVL_OHSR_01
1170,33122,40.0,09:52:21,CC-C8-1E,PNB_TVL_OHSR_01
1176,33122,40.0,09:55:24,CC-C8-1E,PNB_TVL_OHSR_01
1176,33122,40.0,09:55:24,CC-C8-1E,PNB_TVL_OHSR_01
1176,33122,40.0,09:55:24,CC-C8-1E,PNB_TVL_OHSR_01
1182,33122,40.0,09:58:16,CC-C8-1E,PNB_TVL_OHSR_01
1182,33122,40.0,09:58:16,CC-C8-1E,PNB_TVL_OHSR_01
1182,33122,40.0,09:58:16,CC-C8-1E,PNB_TVL_OHSR_01
1188,33122,40.0,10:01:22,CC-C8-1E,PNB_TVL_OHSR_01
1188,33122,40.0,10:01:22,CC-C8-1E,PNB_TVL_OHSR_01
1188,33122,40.0,10:01:22,CC-C8-1E,PNB_TVL_OHSR_01
1194,33122,40.0,10:04:33,CC-C8-1E,PNB_TVL_OHSR_01
1194,33122,40.0,10:04:33,CC-C8-1E,PNB_TVL_OHSR_01
1194,33122,40.0,10:04:33,CC-C8-1E,PNB_TVL_OHSR_01
1200,33122,40.0,10:07:36,CC-C8-1E,PNB_TVL_OHSR_01
1200,33122,40.0,10:07:36,CC-C8-1E,PNB_TVL_OHSR_01
1200,33122,40.0,10:07:36,CC-C8-1E,PNB_TVL_OHSR_01
1205,33122,40.0,10:10:03,CC-C8-1E,PNB_TVL_OHSR_01
1205,33122,40.0,10:10:03,CC-C8-1E,PNB_TVL_OHSR_01
1205,33122,40.0,10:10:03,CC-C8-1E,PNB_TVL_OHSR_01
1212,33122,40.0,10:13:27,CC-C8-1E,PNB_TVL_OHSR_01
1212,33122,40.0,10:13:27,CC-C8-1E,PNB_TVL_OHSR_01
1212,33122,40.0,10:13:27,CC-C8-1E,PNB_TVL_OHSR_01
1218,33122,40.0,10:16:41,CC-C8-1E,PNB_TVL_OHSR_01
1218,33122,40.0,10:16:41,CC-C8-1E,PNB_TVL_OHSR_01
1218,33122,40.0,10:16:41,CC-C8-1E,PNB_TVL_OHSR_01
1224,33122,40.0,10:19:48,CC-C8-1E,PNB_TVL_OHSR_01
1224,33122,40.0,10:19:48,CC-C8-1E,PNB_TVL_OHSR_01
1224,33122,40.0,10:19:48,CC-C8-1E,PNB_TVL_OHSR_01
1229,33122,40.0,10:22:11,CC-C8-1E,PNB_TVL_OHSR_01
1229,33122,40.0,10:22:11,CC-C8-1E,PNB_TVL_OHSR_01
1229,33122,40.0,10:22:11,CC-C8-1E,PNB_TVL_OHSR_01
1236,33122,40.0,10:25:41,CC-C8-1E,PNB_TVL_OHSR_01
1236,33122,40.0,10:25:41,CC-C8-1E,PNB_TVL_OHSR_01
1236,33122,40.0,10:25:41,CC-C8-1E,PNB_TVL_OHSR_01
1242,33122,40.0,10:28:57,CC-C8-1E,PNB_TVL_OHSR_01
1242,33122,40.0,10:28:57,CC-C8-1E,PNB_TVL_OHSR_01
1242,33122,40.0,10:28:57,CC-C8-1E,PNB_TVL_OHSR_01
1246,33122,40.0,10:35:30,CC-C8-1E,PNB_TVL_OHSR_01
1246,33122,40.0,10:35:30,CC-C8-1E,PNB_TVL_OHSR_01
1246,33122,40.0,10:35:30,CC-C8-1E,PNB_TVL_OHSR_01
1246,33122,40.0,10:35:30,CC-C8-1E,PNB_TVL_OHSR_01
1246,33122,40.0,10:35:30,CC-C8-1E,PNB_TVL_OHSR_01
1246,33122,40.0,10:35:30,CC-C8-1E,PNB_TVL_OHSR_01
1246,33122,40.0,10:35:30,CC-C8-1E,PNB_TVL_OHSR_01
1259,33122,40.0,10:42:10,CC-C8-1E,PNB_TVL_OHSR_01
1259,33122,40.0,10:42:10,CC-C8-1E,PNB_TVL_OHSR_01
1259,33122,40.0,10:42:10,CC-C8-1E,PNB_TVL_OHSR_01
1259,33122,40.0,10:42:10,CC-C8-1E,PNB_TVL_OHSR_01
1259,33122,40.0,10:42:10,CC-C8-1E,PNB_TVL_OHSR_01
1259,33122,40.0,10:42:10,CC-C8-1E,PNB_TVL_OHSR_01
1259,33122,40.0,10:42:10,CC-C8-1E,PNB_TVL_OHSR_01
1274,33122,40.0,10:49:17,CC-C8-1E,PNB_TVL_OHSR_01
1274,33122,40.0,10:49:17,CC-C8-1E,PNB_TVL_OHSR_01
1274,33122,40.0,10:49:17,CC-C8-1E,PNB_TVL_OHSR_01
1274,33122,40.0,10:49:17,CC-C8-1E,PNB_TVL_OHSR_01
1274,33122,40.0,10:49:17,CC-C8-1E,PNB_TVL_OHSR_01
1274,33122,40.0,10:49:17,CC-C8-1E,PNB_TVL_OHSR_01
1274,33122,40.0,10:49:17,CC-C8-1E,PNB_TVL_OHSR_01
1286,33122,40.0,10:58:26,CC-C8-1E,PNB_TVL_OHSR_01
1286,33122,40.0,10:58:26,CC-C8-1E,PNB_TVL_OHSR_01
1286,33122,40.0,10:58:26,CC-C8-1E,PNB_TVL_OHSR_01
1286,33122,40.0,10:58:26,CC-C8-1E,PNB_TVL_OHSR_01
1286,33122,40.0,10:58:26,CC-C8-1E,PNB_TVL_OHSR_01
1286,33122,40.0,10:58:26,CC-C8-1E,PNB_TVL_OHSR_01
1286,33122,40.0,10:58:26,CC-C8-1E,PNB_TVL_OHSR_01
1286,33122,40.0,10:58:26,CC-C8-1E,PNB_TVL_OHSR_01
1286,33122,40.0,10:58:26,CC-C8-1E,PNB_TVL_OHSR_01
1304,33122,40.0,11:07:34,CC-C8-1E,PNB_TVL_OHSR_01
1304,33122,40.0,11:07:34,CC-C8-1E,PNB_TVL_OHSR_01
1304,33122,40.0,11:07:34,CC-C8-1E,PNB_TVL_OHSR_01
1304,33122,40.0,11:07:34,CC-C8-1E,PNB_TVL_OHSR_01
1304,33122,40.0,11:07:34,CC-C8-1E,PNB_TVL_OHSR_01
1304,33122,40.0,11:07:34,CC-C8-1E,PNB_TVL_OHSR_01
1304,33122,40.0,11:07:34,CC-C8-1E,PNB_TVL_OHSR_01
1304,33122,40.0,11:07:34,CC-C8-1E,PNB_TVL_OHSR_01
1304,33122,40.0,11:07:34,CC-C8-1E,PNB_TVL_OHSR_01
1322,33122,40.0,11:16:39,CC-C8-1E,PNB_TVL_OHSR_01
1322,33122,40.0,11:16:39,CC-C8-1E,PNB_TVL_OHSR_01
1322,33122,40.0,11:16:39,CC-C8-1E,PNB_TVL_OHSR_01
1322,33122,40.0,11:16:39,CC-C8-1E,PNB_TVL_OHSR_01
1322,33122,40.0,11:16:39,CC-C8-1E,PNB_TVL_OHSR_01
1322,33122,40.0,11:16:39,CC-C8-1E,PNB_TVL_OHSR_01
1322,33122,40.0,11:16:39,CC-C8-1E,PNB_TVL_OHSR_01
1322,33122,40.0,11:16:39,CC-C8-1E,PNB_TVL_OHSR_01
1322,33122,40.0,11:16:39,CC-C8-1E,PNB_TVL_OHSR_01
1339,33122,40.0,11:25:13,CC-C8-1E,PNB_TVL_OHSR_01
1339,33122,40.0,11:25:13,CC-C8-1E,PNB_TVL_OHSR_01
1339,33122,40.0,11:25:13,CC-C8-1E,PNB_TVL_OHSR_01
1339,33122,40.0,11:25:13,CC-C8-1E,PNB_TVL_OHSR_01
1339,33122,40.0,11:25:13,CC-C8-1E,PNB_TVL_OHSR_01
1339,33122,40.0,11:25:13,CC-C8-1E,PNB_TVL_OHSR_01
1339,33122,40.0,11:25:13,CC-C8-1E,PNB_TVL_OHSR_01
1339,33122,40.0,11:25:13,CC-C8-1E,PNB_TVL_OHSR_01
1339,33122,40.0,11:25:13,CC-C8-1E,PNB_TVL_OHSR_01
1356,33122,40.0,11:34:00,CC-C8-1E,PNB_TVL_OHSR_01
1356,33122,40.0,11:34:00,CC-C8-1E,PNB_TVL_OHSR_01
1356,33122,40.0,11:34:00,CC-C8-1E,PNB_TVL_OHSR_01
1356,33122,40.0,11:34:00,CC-C8-1E,PNB_TVL_OHSR_01
1356,33122,40.0,11:34:00,CC-C8-1E,PNB_TVL_OHSR_01
1356,33122,40.0,11:34:00,CC-C8-1E,PNB_TVL_OHSR_01
1356,33122,40.0,11:34:00,CC-C8-1E,PNB_TVL_OHSR_01
1356,33122,40.0,11:34:00,CC-C8-1E,PNB_TVL_OHSR_01
1356,33122,40.0,11:34:00,CC-C8-1E,PNB_TVL_OHSR_01
1374,33122,40.0,11:43:05,CC-C8-1E,PNB_TVL_OHSR_01
1374,33122,40.0,11:43:05,CC-C8-1E,PNB_TVL_OHSR_01
1374,33122,40.0,11:43:05,CC-C8-1E,PNB_TVL_OHSR_01
1374,33122,40.0,11:43:05,CC-C8-1E,PNB_TVL_OHSR_01
1374,33122,40.0,11:43:05,CC-C8-1E,PNB_TVL_OHSR_01
1374,33122,40.0,11:43:05,CC-C8-1E,PNB_TVL_OHSR_01
1374,33122,40.0,11:43:05,CC-C8-1E,PNB_TVL_OHSR_01
1374,33122,40.0,11:43:05,CC-C8-1E,PNB_TVL_OHSR_01
1374,33122,40.0,11:43:05,CC-C8-1E,PNB_TVL_OHSR_01
1392,33122,40.0,11:52:04,CC-C8-1E,PNB_TVL_OHSR_01
1392,33122,40.0,11:52:04,CC-C8-1E,PNB_TVL_OHSR_01
1392,33122,40.0,11:52:04,CC-C8-1E,PNB_TVL_OHSR_01
1392,33122,40.0,11:52:04,CC-C8-1E,PNB_TVL_OHSR_01
1392,33122,40.0,11:52:04,CC-C8-1E,PNB_TVL_OHSR_01
1392,33122,40.0,11:52:04,CC-C8-1E,PNB_TVL_OHSR_01
1392,33122,40.0,11:52:04,CC-C8-1E,PNB_TVL_OHSR_01
1392,33122,40.0,11:52:04,CC-C8-1E,PNB_TVL_OHSR_01
1392,33122,40.0,11:52:04,CC-C8-1E,PNB_TVL_OHSR_01
1410,33122,40.0,12:01:27,CC-C8-1E,PNB_TVL_OHSR_01
1410,33122,40.0,12:01:27,CC-C8-1E,PNB_TVL_OHSR_01
1410,33122,40.0,12:01:27,CC-C8-1E,PNB_TVL_OHSR_01
1410,33122,40.0,12:01:27,CC-C8-1E,PNB_TVL_OHSR_01
1410,33122,40.0,12:01:27,CC-C8-1E,PNB_TVL_OHSR_01
1410,33122,40.0,12:01:27,CC-C8-1E,PNB_TVL_OHSR_01
1410,33122,40.0,12:01:27,CC-C8-1E,PNB_TVL_OHSR_01
1410,33122,40.0,12:01:27,CC-C8-1E,PNB_TVL_OHSR_01
1410,33122,40.0,12:01:27,CC-C8-1E,PNB_TVL_OHSR_01
1427,33122,40.0,12:10:08,CC-C8-1E,PNB_TVL_OHSR_01
1427,33122,40.0,12:10:08,CC-C8-1E,PNB_TVL_OHSR_01
1427,33122,40.0,12:10:08,CC-C8-1E,PNB_TVL_OHSR_01
1427,33122,40.0,12:10:08,CC-C8-1E,PNB_TVL_OHSR_01
1427,33122,40.0,12:10:08,CC-C8-1E,PNB_TVL_OHSR_01
1427,33122,40.0,12:10:08,CC-C8-1E,PNB_TVL_OHSR_01
1427,33122,40.0,12:10:08,CC-C8-1E,PNB_TVL_OHSR_01
1427,33122,40.0,12:10:08,CC-C8-1E,PNB_TVL_OHSR_01
1427,33122,40.0,12:10:08,CC-C8-1E,PNB_TVL_OHSR_01
1446,33122,40.0,12:19:33,CC-C8-1E,PNB_TVL_OHSR_01
1446,33122,40.0,12:19:33,CC-C8-1E,PNB_TVL_OHSR_01
1446,33122,40.0,12:19:33,CC-C8-1E,PNB_TVL_OHSR_01
1446,33122,40.0,12:19:33,CC-C8-1E,PNB_TVL_OHSR_01
1446,33122,40.0,12:19:33,CC-C8-1E,PNB_TVL_OHSR_01
1446,33122,40.0,12:19:33,CC-C8-1E,PNB_TVL_OHSR_01
1446,33122,40.0,12:19:33,CC-C8-1E,PNB_TVL_OHSR_01
1446,33122,40.0,12:19:33,CC-C8-1E,PNB_TVL_OHSR_01
1446,33122,40.0,12:19:33,CC-C8-1E,PNB_TVL_OHSR_01
1464,33122,40.0,12:28:19,CC-C8-1E,PNB_TVL_OHSR_01
1464,33122,40.0,12:28:19,CC-C8-1E,PNB_TVL_OHSR_01
1464,33122,40.0,12:28:19,CC-C8-1E,PNB_TVL_OHSR_01
1464,33122,40.0,12:28:19,CC-C8-1E,PNB_TVL_OHSR_01
1464,33122,40.0,12:28:19,CC-C8-1E,PNB_TVL_OHSR_01
1464,33122,40.0,12:28:19,CC-C8-1E,PNB_TVL_OHSR_01
1464,33122,40.0,12:28:19,CC-C8-1E,PNB_TVL_OHSR_01
1464,33122,40.0,12:28:19,CC-C8-1E,PNB_TVL_OHSR_01
1464,33122,40.0,12:28:19,CC-C8-1E,PNB_TVL_OHSR_01
1480,33122,40.0,12:37:02,CC-C8-1E,PNB_TVL_OHSR_01
1480,33122,40.0,12:37:02,CC-C8-1E,PNB_TVL_OHSR_01
1480,33122,40.0,12:37:02,CC-C8-1E,PNB_TVL_OHSR_01
1480,33122,40.0,12:37:02,CC-C8-1E,PNB_TVL_OHSR_01
1480,33122,40.0,12:37:02,CC-C8-1E,PNB_TVL_OHSR_01
1480,33122,40.0,12:37:02,CC-C8-1E,PNB_TVL_OHSR_01
1480,33122,40.0,12:37:02,CC-C8-1E,PNB_TVL_OHSR_01
1480,33122,40.0,12:37:02,CC-C8-1E,PNB_TVL_OHSR_01
1480,33122,40.0,12:37:02,CC-C8-1E,PNB_TVL_OHSR_01
1498,33122,40.0,12:46:01,CC-C8-1E,PNB_TVL_OHSR_01
1498,33122,40.0,12:46:01,CC-C8-1E,PNB_TVL_OHSR_01
1498,33122,40.0,12:46:01,CC-C8-1E,PNB_TVL_OHSR_01
1498,33122,40.0,12:46:01,CC-C8-1E,PNB_TVL_OHSR_01
1498,33122,40.0,12:46:01,CC-C8-1E,PNB_TVL_OHSR_01
1498,33122,40.0,12:46:01,CC-C8-1E,PNB_TVL_OHSR_01
1498,33122,40.0,12:46:01,CC-C8-1E,PNB_TVL_OHSR_01
1498,33122,40.0,12:46:01,CC-C8-1E,PNB_TVL_OHSR_01
1498,33122,40.0,12:46:01,CC-C8-1E,PNB_TVL_OHSR_01
1517,33122,40.0,12:55:20,CC-C8-1E,PNB_TVL_OHSR_01
1517,33122,40.0,12:55:20,CC-C8-1E,PNB_TVL_OHSR_01
1517,33122,40.0,12:55:20,CC-C8-1E,PNB_TVL_OHSR_01
1517,33122,40.0,12:55:20,CC-C8-1E,PNB_TVL_OHSR_01
1517,33122,40.0,12:55:20,CC-C8-1E,PNB_TVL_OHSR_01
1517,33122,40.0,12:55:20,CC-C8-1E,PNB_TVL_OHSR_01
1517,33122,40.0,12:55:20,CC-C8-1E,PNB_TVL_OHSR_01
1517,33122,40.0,12:55:20,CC-C8-1E,PNB_TVL_OHSR_01
1517,33122,40.0,12:55:20,CC-C8-1E,PNB_TVL_OHSR_01
1534,33122,40.0,13:06:31,CC-C8-1E,PNB_TVL_OHSR_01
1534,33122,40.0,13:06:31,CC-C8-1E,PNB_TVL_OHSR_01
1534,33122,40.0,13:06:31,CC-C8-1E,PNB_TVL_OHSR_01
1534,33122,40.0,13:06:31,CC-C8-1E,PNB_TVL_OHSR_01
1534,33122,40.0,13:06:31,CC-C8-1E,PNB_TVL_OHSR_01
1534,33122,40.0,13:06:31,CC-C8-1E,PNB_TVL_OHSR_01
1534,33122,40.0,13:06:31,CC-C8-1E,PNB_TVL_OHSR_01
1534,33122,40.0,13:06:31,CC-C8-1E,PNB_TVL_OHSR_01
1534,33122,40.0,13:06:31,CC-C8-1E,PNB_TVL_OHSR_01
1534,33122,40.0,13:06:31,CC-C8-1E,PNB_TVL_OHSR_01
1534,33122,40.0,13:06:31,CC-C8-1E,PNB_TVL_OHSR_01
1555,33122,40.0,13:17:14,CC-C8-1E,PNB_TVL_OHSR_01
1555,33122,40.0,13:17:14,CC-C8-1E,PNB_TVL_OHSR_01
1555,33122,40.0,13:17:14,CC-C8-1E,PNB_TVL_OHSR_01
1555,33122,40.0,13:17:14,CC-C8-1E,PNB_TVL_OHSR_01
1555,33122,40.0,13:17:14,CC-C8-1E,PNB_TVL_OHSR_01
1555,33122,40.0,13:17:14,CC-C8-1E,PNB_TVL_OHSR_01
1555,33122,40.0,13:17:14,CC-C8-1E,PNB_TVL_OHSR_01
1555,33122,40.0,13:17:14,CC-C8-1E,PNB_TVL_OHSR_01
1555,33122,40.0,13:17:14,CC-C8-1E,PNB_TVL_OHSR_01
1555,33122,40.0,13:17:14,CC-C8-1E,PNB_TVL_OHSR_01
1555,33122,40.0,13:17:14,CC-C8-1E,PNB_TVL_OHSR_01
1576,33122,40.0,13:30:03,CC-C8-1E,PNB_TVL_OHSR_01
1576,33122,40.0,13:30:03,CC-C8-1E,PNB_TVL_OHSR_01
1576,33122,40.0,13:30:03,CC-C8-1E,PNB_TVL_OHSR_01
1576,33122,40.0,13:30:03,CC-C8-1E,PNB_TVL_OHSR_01
1576,33122,40.0,13:30:03,CC-C8-1E,PNB_TVL_OHSR_01
1576,33122,40.0,13:30:03,CC-C8-1E,PNB_TVL_OHSR_01
1576,33122,40.0,13:30:03,CC-C8-1E,PNB_TVL_OHSR_01
1576,33122,40.0,13:30:03,CC-C8-1E,PNB_TVL_OHSR_01
1576,33122,40.0,13:30:03,CC-C8-1E,PNB_TVL_OHSR_01
1576,33122,40.0,13:30:03,CC-C8-1E,PNB_TVL_OHSR_01
1576,33122,40.0,13:30:03,CC-C8-1E,PNB_TVL_OHSR_01
1576,33122,40.0,13:30:03,CC-C8-1E,PNB_TVL_OHSR_01
1576,33122,40.0,13:30:03,CC-C8-1E,PNB_TVL_OHSR_01
1601,33122,40.0,13:43:02,CC-C8-1E,PNB_TVL_OHSR_01
1601,33122,40.0,13:43:02,CC-C8-1E,PNB_TVL_OHSR_01
1601,33122,40.0,13:43:02,CC-C8-1E,PNB_TVL_OHSR_01
1601,33122,40.0,13:43:02,CC-C8-1E,PNB_TVL_OHSR_01
1601,33122,40.0,13:43:02,CC-C8-1E,PNB_TVL_OHSR_01
1601,33122,40.0,13:43:02,CC-C8-1E,PNB_TVL_OHSR_01
1601,33122,40.0,13:43:02,CC-C8-1E,PNB_TVL_OHSR_01
1601,33122,40.0,13:43:02,CC-C8-1E,PNB_TVL_OHSR_01
1601,33122,40.0,13:43:02,CC-C8-1E,PNB_TVL_OHSR_01
1601,33122,40.0,13:43:02,CC-C8-1E,PNB_TVL_OHSR_01
1601,33122,40.0,13:43:02,CC-C8-1E,PNB_TVL_OHSR_01
1601,33122,40.0,13:43:02,CC-C8-1E,PNB_TVL_OHSR_01
1601,33122,40.0,13:43:02,CC-C8-1E,PNB_TVL_OHSR_01
1627,33122,40.0,13:56:20,CC-C8-1E,PNB_TVL_OHSR_01
1627,33122,40.0,13:56:20,CC-C8-1E,PNB_TVL_OHSR_01
1627,33122,40.0,13:56:20,CC-C8-1E,PNB_TVL_OHSR_01
1627,33122,40.0,13:56:20,CC-C8-1E,PNB_TVL_OHSR_01
1627,33122,40.0,13:56:20,CC-C8-1E,PNB_TVL_OHSR_01
1627,33122,40.0,13:56:20,CC-C8-1E,PNB_TVL_OHSR_01
1627,33122,40.0,13:56:20,CC-C8-1E,PNB_TVL_OHSR_01
1627,33122,40.0,13:56:20,CC-C8-1E,PNB_TVL_OHSR_01
1627,33122,40.0,13:56:20,CC-C8-1E,PNB_TVL_OHSR_01
1627,33122,40.0,13:56:20,CC-C8-1E,PNB_TVL_OHSR_01
1627,33122,40.0,13:56:20,CC-C8-1E,PNB_TVL_OHSR_01
1627,33122,40.0,13:56:20,CC-C8-1E,PNB_TVL_OHSR_01
1627,33122,40.0,13:56:20,CC-C8-1E,PNB_TVL_OHSR_01
1650,33122,40.0,14:09:18,CC-C8-1E,PNB_TVL_OHSR_01
1650,33122,40.0,14:09:18,CC-C8-1E,PNB_TVL_OHSR_01
1650,33122,40.0,14:09:18,CC-C8-1E,PNB_TVL_OHSR_01
1650,33122,40.0,14:09:18,CC-C8-1E,PNB_TVL_OHSR_01
1650,33122,40.0,14:09:18,CC-C8-1E,PNB_TVL_OHSR_01
1650,33122,40.0,14:09:18,CC-C8-1E,PNB_TVL_OHSR_01
1650,33122,40.0,14:09:18,CC-C8-1E,PNB_TVL_OHSR_01
1650,33122,40.0,14:09:18,CC-C8-1E,PNB_TVL_OHSR_01
1650,33122,40.0,14:09:18,CC-C8-1E,PNB_TVL_OHSR_01
1650,33122,40.0,14:09:18,CC-C8-1E,PNB_TVL_OHSR_01
1650,33122,40.0,14:09:18,CC-C8-1E,PNB_TVL_OHSR_01
1650,33122,40.0,14:09:18,CC-C8-1E,PNB_TVL_OHSR_01
1650,33122,40.0,14:09:18,CC-C8-1E,PNB_TVL_OHSR_01
1675,33122,40.0,14:22:41,CC-C8-1E,PNB_TVL_OHSR_01
1675,33122,40.0,14:22:41,CC-C8-1E,PNB_TVL_OHSR_01
1675,33122,40.0,14:22:41,CC-C8-1E,PNB_TVL_OHSR_01
1675,33122,40.0,14:22:41,CC-C8-1E,PNB_TVL_OHSR_01
1675,33122,40.0,14:22:41,CC-C8-1E,PNB_TVL_OHSR_01
1675,33122,40.0,14:22:41,CC-C8-1E,PNB_TVL_OHSR_01
1675,33122,40.0,14:22:41,CC-C8-1E,PNB_TVL_OHSR_01
1675,33122,40.0,14:22:41,CC-C8-1E,PNB_TVL_OHSR_01
1675,33122,40.0,14:22:41,CC-C8-1E,PNB_TVL_OHSR_01
1675,33122,40.0,14:22:41,CC-C8-1E,PNB_TVL_OHSR_01
1675,33122,40.0,14:22:41,CC-C8-1E,PNB_TVL_OHSR_01
1675,33122,40.0,14:22:41,CC-C8-1E,PNB_TVL_OHSR_01
1675,33122,40.0,14:22:41,CC-C8-1E,PNB_TVL_OHSR_01
1700,33122,40.0,14:35:54,CC-C8-1E,PNB_TVL_OHSR_01
1700,33122,40.0,14:35:54,CC-C8-1E,PNB_TVL_OHSR_01
1700,33122,40.0,14:35:54,CC-C8-1E,PNB_TVL_OHSR_01
1700,33122,40.0,14:35:54,CC-C8-1E,PNB_TVL_OHSR_01
1700,33122,40.0,14:35:54,CC-C8-1E,PNB_TVL_OHSR_01
1700,33122,40.0,14:35:54,CC-C8-1E,PNB_TVL_OHSR_01
1700,33122,40.0,14:35:54,CC-C8-1E,PNB_TVL_OHSR_01
1700,33122,40.0,14:35:54,CC-C8-1E,PNB_TVL_OHSR_01
1700,33122,40.0,14:35:54,CC-C8-1E,PNB_TVL_OHSR_01
1700,33122,40.0,14:35:54,CC-C8-1E,PNB_TVL_OHSR_01
1700,33122,40.0,14:35:54,CC-C8-1E,PNB_TVL_OHSR_01
1700,33122,40.0,14:35:54,CC-C8-1E,PNB_TVL_OHSR_01
1700,33122,40.0,14:35:54,CC-C8-1E,PNB_TVL_OHSR_01
1723,33122,40.0,14:48:10,CC-C8-1E,PNB_TVL_OHSR_01
1723,33122,40.0,14:48:10,CC-C8-1E,PNB_TVL_OHSR_01
1723,33122,40.0,14:48:10,CC-C8-1E,PNB_TVL_OHSR_01
1723,33122,40.0,14:48:10,CC-C8-1E,PNB_TVL_OHSR_01
1723,33122,40.0,14:48:10,CC-C8-1E,PNB_TVL_OHSR_01
1723,33122,40.0,14:48:10,CC-C8-1E,PNB_TVL_OHSR_01
1723,33122,40.0,14:48:10,CC-C8-1E,PNB_TVL_OHSR_01
1723,33122,40.0,14:48:10,CC-C8-1E,PNB_TVL_OHSR_01
1723,33122,40.0,14:48:10,CC-C8-1E,PNB_TVL_OHSR_01
1723,33122,40.0,14:48:10,CC-C8-1E,PNB_TVL_OHSR_01
1723,33122,40.0,14:48:10,CC-C8-1E,PNB_TVL_OHSR_01
1723,33122,40.0,14:48:10,CC-C8-1E,PNB_TVL_OHSR_01
1723,33122,40.0,14:48:10,CC-C8-1E,PNB_TVL_OHSR_01
1745,33122,40.0,15:03:26,CC-C8-1E,PNB_TVL_OHSR_01
1745,33122,40.0,15:03:26,CC-C8-1E,PNB_TVL_OHSR_01
1745,33122,40.0,15:03:26,CC-C8-1E,PNB_TVL_OHSR_01
1745,33122,40.0,15:03:26,CC-C8-1E,PNB_TVL_OHSR_01
1745,33122,40.0,15:03:26,CC-C8-1E,PNB_TVL_OHSR_01
1745,33122,40.0,15:03:26,CC-C8-1E,PNB_TVL_OHSR_01
1745,33122,40.0,15:03:26,CC-C8-1E,PNB_TVL_OHSR_01
1745,33122,40.0,15:03:26,CC-C8-1E,PNB_TVL_OHSR_01
1745,33122,40.0,15:03:26,CC-C8-1E,PNB_TVL_OHSR_01
1745,33122,40.0,15:03:26,CC-C8-1E,PNB_TVL_OHSR_01
1745,33122,40.0,15:03:26,CC-C8-1E,PNB_TVL_OHSR_01
1745,33122,40.0,15:03:26,CC-C8-1E,PNB_TVL_OHSR_01
1745,33122,40.0,15:03:26,CC-C8-1E,PNB_TVL_OHSR_01
1745,33122,40.0,15:03:26,CC-C8-1E,PNB_TVL_OHSR_01
1745,33122,40.0,15:03:26,CC-C8-1E,PNB_TVL_OHSR_01
1774,33122,40.0,15:18:41,CC-C8-1E,PNB_TVL_OHSR_01
1774,33122,40.0,15:18:41,CC-C8-1E,PNB_TVL_OHSR_01
1774,33122,40.0,15:18:41,CC-C8-1E,PNB_TVL_OHSR_01
1774,33122,40.0,15:18:41,CC-C8-1E,PNB_TVL_OHSR_01
1774,33122,40.0,15:18:41,CC-C8-1E,PNB_TVL_OHSR_01
1774,33122,40.0,15:18:41,CC-C8-1E,PNB_TVL_OHSR_01
1774,33122,40.0,15:18:41,CC-C8-1E,PNB_TVL_OHSR_01
1774,33122,40.0,15:18:41,CC-C8-1E,PNB_TVL_OHSR_01
1774,33122,40.0,15:18:41,CC-C8-1E,PNB_TVL_OHSR_01
1774,33122,40.0,15:18:41,CC-C8-1E,PNB_TVL_OHSR_01
1774,33122,40.0,15:18:41,CC-C8-1E,PNB_TVL_OHSR_01
1774,33122,40.0,15:18:41,CC-C8-1E,PNB_TVL_OHSR_01
1774,33122,40.0,15:18:41,CC-C8-1E,PNB_TVL_OHSR_01
1774,33122,40.0,15:18:41,CC-C8-1E,PNB_TVL_OHSR_01
1774,33122,40.0,15:18:41,CC-C8-1E,PNB_TVL_OHSR_01
1799,33122,40.0,15:33:19,CC-C8-1E,PNB_TVL_OHSR_01
1799,33122,40.0,15:33:19,CC-C8-1E,PNB_TVL_OHSR_01
1799,33122,40.0,15:33:19,CC-C8-1E,PNB_TVL_OHSR_01
1799,33122,40.0,15:33:19,CC-C8-1E,PNB_TVL_OHSR_01
1799,33122,40.0,15:33:19,CC-C8-1E,PNB_TVL_OHSR_01
1799,33122,40.0,15:33:19,CC-C8-1E,PNB_TVL_OHSR_01
1799,33122,40.0,15:33:19,CC-C8-1E,PNB_TVL_OHSR_01
1799,33122,40.0,15:33:19,CC-C8-1E,PNB_TVL_OHSR_01
1799,33122,40.0,15:33:19,CC-C8-1E,PNB_TVL_OHSR_01
1799,33122,40.0,15:33:19,CC-C8-1E,PNB_TVL_OHSR_01
1799,33122,40.0,15:33:19,CC-C8-1E,PNB_TVL_OHSR_01
1799,33122,40.0,15:33:19,CC-C8-1E,PNB_TVL_OHSR_01
1799,33122,40.0,15:33:19,CC-C8-1E,PNB_TVL_OHSR_01
1799,33122,40.0,15:33:19,CC-C8-1E,PNB_TVL_OHSR_01
1799,33122,40.0,15:33:19,CC-C8-1E,PNB_TVL_OHSR_01
1826,33122,40.0,15:51:13,CC-C8-1E,PNB_TVL_OHSR_01
1826,33122,40.0,15:51:13,CC-C8-1E,PNB_TVL_OHSR_01
1826,33122,40.0,15:51:13,CC-C8-1E,PNB_TVL_OHSR_01
1826,33122,40.0,15:51:13,CC-C8-1E,PNB_TVL_OHSR_01
1826,33122,40.0,15:51:13,CC-C8-1E,PNB_TVL_OHSR_01
1826,33122,40.0,15:51:13,CC-C8-1E,PNB_TVL_OHSR_01
1826,33122,40.0,15:51:13,CC-C8-1E,PNB_TVL_OHSR_01
1826,33122,40.0,15:51:13,CC-C8-1E,PNB_TVL_OHSR_01
1826,33122,40.0,15:51:13,CC-C8-1E,PNB_TVL_OHSR_01
1826,33122,40.0,15:51:13,CC-C8-1E,PNB_TVL_OHSR_01
1826,33122,40.0,15:51:13,CC-C8-1E,PNB_TVL_OHSR_01
1826,33122,40.0,15:51:13,CC-C8-1E,PNB_TVL_OHSR_01
1826,33122,40.0,15:51:13,CC-C8-1E,PNB_TVL_OHSR_01
1826,33122,40.0,15:51:13,CC-C8-1E,PNB_TVL_OHSR_01
1826,33122,40.0,15:51:13,CC-C8-1E,PNB_TVL_OHSR_01
1826,33122,40.0,15:51:13,CC-C8-1E,PNB_TVL_OHSR_01
1826,33122,40.0,15:51:13,CC-C8-1E,PNB_TVL_OHSR_01
1826,33122,40.0,15:51:13,CC-C8-1E,PNB_TVL_OHSR_01
1855,33122,40.0,16:09:30,CC-C8-1E,PNB_TVL_OHSR_01
1855,33122,40.0,16:09:30,CC-C8-1E,PNB_TVL_OHSR_01
1855,33122,40.0,16:09:30,CC-C8-1E,PNB_TVL_OHSR_01
1855,33122,40.0,16:09:30,CC-C8-1E,PNB_TVL_OHSR_01
1855,33122,40.0,16:09:30,CC-C8-1E,PNB_TVL_OHSR_01
1855,33122,40.0,16:09:30,CC-C8-1E,PNB_TVL_OHSR_01
1855,33122,40.0,16:09:30,CC-C8-1E,PNB_TVL_OHSR_01
1855,33122,40.0,16:09:30,CC-C8-1E,PNB_TVL_OHSR_01
1855,33122,40.0,16:09:30,CC-C8-1E,PNB_TVL_OHSR_01
1855,33122,40.0,16:09:30,CC-C8-1E,PNB_TVL_OHSR_01
1855,33122,40.0,16:09:30,CC-C8-1E,PNB_TVL_OHSR_01
1855,33122,40.0,16:09:30,CC-C8-1E,PNB_TVL_OHSR_01
1855,33122,40.0,16:09:30,CC-C8-1E,PNB_TVL_OHSR_01
1855,33122,40.0,16:09:30,CC-C8-1E,PNB_TVL_OHSR_01
1855,33122,40.0,16:09:30,CC-C8-1E,PNB_TVL_OHSR_01
1855,33122,40.0,16:09:30,CC-C8-1E,PNB_TVL_OHSR_01
1855,33122,40.0,16:09:30,CC-C8-1E,PNB_TVL_OHSR_01
1855,33122,40.0,16:09:30,CC-C8-1E,PNB_TVL_OHSR_01
1891,33130,40.0,16:29:08,CC-C8-1E,PNB_TVL_OHSR_01
1891,33130,40.0,16:29:08,CC-C8-1E,PNB_TVL_OHSR_01
1891,33130,40.0,16:29:08,CC-C8-1E,PNB_TVL_OHSR_01
1891,33130,40.0,16:29:08,CC-C8-1E,PNB_TVL_OHSR_01
1891,33130,40.0,16:29:08,CC-C8-1E,PNB_TVL_OHSR_01
1891,33130,40.0,16:29:08,CC-C8-1E,PNB_TVL_OHSR_01
1891,33130,40.0,16:29:08,CC-C8-1E,PNB_TVL_OHSR_01
1891,33130,40.0,16:29:08,CC-C8-1E,PNB_TVL_OHSR_01
1891,33130,40.0,16:29:08,CC-C8-1E,PNB_TVL_OHSR_01
1891,33130,40.0,16:29:08,CC-C8-1E,PNB_TVL_OHSR_01
1891,33130,40.0,16:29:08,CC-C8-1E,PNB_TVL_OHSR_01
1891,33130,40.0,16:29:08,CC-C8-1E,PNB_TVL_OHSR_01
1891,33130,40.0,16:29:08,CC-C8-1E,PNB_TVL_OHSR_01
1891,33130,40.0,16:29:08,CC-C8-1E,PNB_TVL_OHSR_01
1891,33130,40.0,16:29:08,CC-C8-1E,PNB_TVL_OHSR_01
1891,33130,40.0,16:29:08,CC-C8-1E,PNB_TVL_OHSR_01
1891,33130,40.0,16:29:08,CC-C8-1E,PNB_TVL_OHSR_01
1891,33130,40.0,16:29:08,CC-C8-1E,PNB_TVL_OHSR_01
1891,33130,40.0,16:29:08,CC-C8-1E,PNB_TVL_OHSR_01
1891,33130,40.0,16:29:08,CC-C8-1E,PNB_TVL_OHSR_01
1927,33186,40.0,16:49:08,CC-C8-1E,PNB_TVL_OHSR_01
1927,33186,40.0,16:49:08,CC-C8-1E,PNB_TVL_OHSR_01
1927,33186,40.0,16:49:08,CC-C8-1E,PNB_TVL_OHSR_01
1927,33186,40.0,16:49:08,CC-C8-1E,PNB_TVL_OHSR_01
1927,33186,40.0,16:49:08,CC-C8-1E,PNB_TVL_OHSR_01
1927,33186,40.0,16:49:08,CC-C8-1E,PNB_TVL_OHSR_01
1927,33186,40.0,16:49:08,CC-C8-1E,PNB_TVL_OHSR_01
1927,33186,40.0,16:49:08,CC-C8-1E,PNB_TVL_OHSR_01
1927,33186,40.0,16:49:08,CC-C8-1E,PNB_TVL_OHSR_01
1927,33186,40.0,16:49:08,CC-C8-1E,PNB_TVL_OHSR_01
1927,33186,40.0,16:49:08,CC-C8-1E,PNB_TVL_OHSR_01
1927,33186,40.0,16:49:08,CC-C8-1E,PNB_TVL_OHSR_01
1927,33186,40.0,16:49:08,CC-C8-1E,PNB_TVL_OHSR_01
1927,33186,40.0,16:49:08,CC-C8-1E,PNB_TVL_OHSR_01
1927,33186,40.0,16:49:08,CC-C8-1E,PNB_TVL_OHSR_01
1927,33186,40.0,16:49:08,CC-C8-1E,PNB_TVL_OHSR_01
1927,33186,40.0,16:49:08,CC-C8-1E,PNB_TVL_OHSR_01
1927,33186,40.0,16:49:08,CC-C8-1E,PNB_TVL_OHSR_01
1927,33186,40.0,16:49:08,CC-C8-1E,PNB_TVL_OHSR_01
1927,33186,40.0,16:49:08,CC-C8-1E,PNB_TVL_OHSR_01
1968,33244,40.0,17:09:38,CC-C8-1E,PNB_TVL_OHSR_01
1968,33244,40.0,17:09:38,CC-C8-1E,PNB_TVL_OHSR_01
1968,33244,40.0,17:09:38,CC-C8-1E,PNB_TVL_OHSR_01
1968,33244,40.0,17:09:38,CC-C8-1E,PNB_TVL_OHSR_01
1968,33244,40.0,17:09:38,CC-C8-1E,PNB_TVL_OHSR_01
1968,33244,40.0,17:09:38,CC-C8-1E,PNB_TVL_OHSR_01
1968,33244,40.0,17:09:38,CC-C8-1E,PNB_TVL_OHSR_01
1968,33244,40.0,17:09:38,CC-C8-1E,PNB_TVL_OHSR_01
1968,33244,40.0,17:09:38,CC-C8-1E,PNB_TVL_OHSR_01
1968,33244,40.0,17:09:38,CC-C8-1E,PNB_TVL_OHSR_01
1968,33244,40.0,17:09:38,CC-C8-1E,PNB_TVL_OHSR_01
1968,33244,40.0,17:09:38,CC-C8-1E,PNB_TVL_OHSR_01
1968,33244,40.0,17:09:38,CC-C8-1E,PNB_TVL_OHSR_01
1968,33244,40.0,17:09:38,CC-C8-1E,PNB_TVL_OHSR_01
1968,33244,40.0,17:09:38,CC-C8-1E,PNB_TVL_OHSR_01
1968,33244,40.0,17:09:38,CC-C8-1E,PNB_TVL_OHSR_01
1968,33244,40.0,17:09:38,CC-C8-1E,PNB_TVL_OHSR_01
1968,33244,40.0,17:09:38,CC-C8-1E,PNB_TVL_OHSR_01
1968,33244,40.0,17:09:38,CC-C8-1E,PNB_TVL_OHSR_01
1968,33244,40.0,17:09:38,CC-C8-1E,PNB_TVL_OHSR_01
2006,33300,40.0,17:29:02,CC-C8-1E,PNB_TVL_OHSR_01
2006,33300,40.0,17:29:02,CC-C8-1E,PNB_TVL_OHSR_01
2006,33300,40.0,17:29:02,CC-C8-1E,PNB_TVL_OHSR_01
2006,33300,40.0,17:29:02,CC-C8-1E,PNB_TVL_OHSR_01
2006,33300,40.0,17:29:02,CC-C8-1E,PNB_TVL_OHSR_01
2006,33300,40.0,17:29:02,CC-C8-1E,PNB_TVL_OHSR_01
2006,33300,40.0,17:29:02,CC-C8-1E,PNB_TVL_OHSR_01
2006,33300,40.0,17:29:02,CC-C8-1E,PNB_TVL_OHSR_01
2006,33300,40.0,17:29:02,CC-C8-1E,PNB_TVL_OHSR_01
2006,33300,40.0,17:29:02,CC-C8-1E,PNB_TVL_OHSR_01
2006,33300,40.0,17:29:02,CC-C8-1E,PNB_TVL_OHSR_01
2006,33300,40.0,17:29:02,CC-C8-1E,PNB_TVL_OHSR_01
2006,33300,40.0,17:29:02,CC-C8-1E,PNB_TVL_OHSR_01
2006,33300,40.0,17:29:02,CC-C8-1E,PNB_TVL_OHSR_01
2006,33300,40.0,17:29:02,CC-C8-1E,PNB_TVL_OHSR_01
2006,33300,40.0,17:29:02,CC-C8-1E,PNB_TVL_OHSR_01
2006,33300,40.0,17:29:02,CC-C8-1E,PNB_TVL_OHSR_01
2006,33300,40.0,17:29:02,CC-C8-1E,PNB_TVL_OHSR_01
2006,33300,40.0,17:29:02,CC-C8-1E,PNB_TVL_OHSR_01
2006,33300,40.0,17:29:02,CC-C8-1E,PNB_TVL_OHSR_01
2044,33354,40.0,17:49:17,CC-C8-1E,PNB_TVL_OHSR_01
2044,33354,40.0,17:49:17,CC-C8-1E,PNB_TVL_OHSR_01
2044,33354,40.0,17:49:17,CC-C8-1E,PNB_TVL_OHSR_01
2044,33354,40.0,17:49:17,CC-C8-1E,PNB_TVL_OHSR_01
2044,33354,40.0,17:49:17,CC-C8-1E,PNB_TVL_OHSR_01
2044,33354,40.0,17:49:17,CC-C8-1E,PNB_TVL_OHSR_01
2044,33354,40.0,17:49:17,CC-C8-1E,PNB_TVL_OHSR_01
2044,33354,40.0,17:49:17,CC-C8-1E,PNB_TVL_OHSR_01
2044,33354,40.0,17:49:17,CC-C8-1E,PNB_TVL_OHSR_01
2044,33354,40.0,17:49:17,CC-C8-1E,PNB_TVL_OHSR_01
2044,33354,40.0,17:49:17,CC-C8-1E,PNB_TVL_OHSR_01
2044,33354,40.0,17:49:17,CC-C8-1E,PNB_TVL_OHSR_01
2044,33354,40.0,17:49:17,CC-C8-1E,PNB_TVL_OHSR_01
2044,33354,40.0,17:49:17,CC-C8-1E,PNB_TVL_OHSR_01
2044,33354,40.0,17:49:17,CC-C8-1E,PNB_TVL_OHSR_01
2044,33354,40.0,17:49:17,CC-C8-1E,PNB_TVL_OHSR_01
2044,33354,40.0,17:49:17,CC-C8-1E,PNB_TVL_OHSR_01
2044,33354,40.0,17:49:17,CC-C8-1E,PNB_TVL_OHSR_01
2044,33354,40.0,17:49:17,CC-C8-1E,PNB_TVL_OHSR_01
2044,33354,40.0,17:49:17,CC-C8-1E,PNB_TVL_OHSR_01
2084,33401,40.0,18:09:36,CC-C8-1E,PNB_TVL_OHSR_01
2084,33401,40.0,18:09:36,CC-C8-1E,PNB_TVL_OHSR_01
2084,33401,40.0,18:09:36,CC-C8-1E,PNB_TVL_OHSR_01
2084,33401,40.0,18:09:36,CC-C8-1E,PNB_TVL_OHSR_01
2084,33401,40.0,18:09:36,CC-C8-1E,PNB_TVL_OHSR_01
2084,33401,40.0,18:09:36,CC-C8-1E,PNB_TVL_OHSR_01
2084,33401,40.0,18:09:36,CC-C8-1E,PNB_TVL_OHSR_01
2084,33401,40.0,18:09:36,CC-C8-1E,PNB_TVL_OHSR_01
2084,33401,40.0,18:09:36,CC-C8-1E,PNB_TVL_OHSR_01
2084,33401,40.0,18:09:36,CC-C8-1E,PNB_TVL_OHSR_01
2084,33401,40.0,18:09:36,CC-C8-1E,PNB_TVL_OHSR_01
2084,33401,40.0,18:09:36,CC-C8-1E,PNB_TVL_OHSR_01
2084,33401,40.0,18:09:36,CC-C8-1E,PNB_TVL_OHSR_01
2084,33401,40.0,18:09:36,CC-C8-1E,PNB_TVL_OHSR_01
2084,33401,40.0,18:09:36,CC-C8-1E,PNB_TVL_OHSR_01
2084,33401,40.0,18:09:36,CC-C8-1E,PNB_TVL_OHSR_01
2084,33401,40.0,18:09:36,CC-C8-1E,PNB_TVL_OHSR_01
2084,33401,40.0,18:09:36,CC-C8-1E,PNB_TVL_OHSR_01
2084,33401,40.0,18:09:36,CC-C8-1E,PNB_TVL_OHSR_01
2084,33401,40.0,18:09:36,CC-C8-1E,PNB_TVL_OHSR_01
2128,33441,40.0,18:29:06,CC-C8-1E,PNB_TVL_OHSR_01
2128,33441,40.0,18:29:06,CC-C8-1E,PNB_TVL_OHSR_01
2128,33441,40.0,18:29:06,CC-C8-1E,PNB_TVL_OHSR_01
2128,33441,40.0,18:29:06,CC-C8-1E,PNB_TVL_OHSR_01
2128,33441,40.0,18:29:06,CC-C8-1E,PNB_TVL_OHSR_01
2128,33441,40.0,18:29:06,CC-C8-1E,PNB_TVL_OHSR_01
2128,33441,40.0,18:29:06,CC-C8-1E,PNB_TVL_OHSR_01
2128,33441,40.0,18:29:06,CC-C8-1E,PNB_TVL_OHSR_01
2128,33441,40.0,18:29:06,CC-C8-1E,PNB_TVL_OHSR_01
2128,33441,40.0,18:29:06,CC-C8-1E,PNB_TVL_OHSR_01
2128,33441,40.0,18:29:06,CC-C8-1E,PNB_TVL_OHSR_01
2128,33441,40.0,18:29:06,CC-C8-1E,PNB_TVL_OHSR_01
2128,33441,40.0,18:29:06,CC-C8-1E,PNB_TVL_OHSR_01
2128,33441,40.0,18:29:06,CC-C8-1E,PNB_TVL_OHSR_01
2128,33441,40.0,18:29:06,CC-C8-1E,PNB_TVL_OHSR_01
2128,33441,40.0,18:29:06,CC-C8-1E,PNB_TVL_OHSR_01
2128,33441,40.0,18:29:06,CC-C8-1E,PNB_TVL_OHSR_01
2128,33441,40.0,18:29:06,CC-C8-1E,PNB_TVL_OHSR_01
2128,33441,40.0,18:29:06,CC-C8-1E,PNB_TVL_OHSR_01
2128,33441,40.0,18:29:06,CC-C8-1E,PNB_TVL_OHSR_01
2168,33441,40.0,18:49:26,CC-C8-1E,PNB_TVL_OHSR_01
2168,33441,40.0,18:49:26,CC-C8-1E,PNB_TVL_OHSR_01
2168,33441,40.0,18:49:26,CC-C8-1E,PNB_TVL_OHSR_01
2168,33441,40.0,18:49:26,CC-C8-1E,PNB_TVL_OHSR_01
2168,33441,40.0,18:49:26,CC-C8-1E,PNB_TVL_OHSR_01
2168,33441,40.0,18:49:26,CC-C8-1E,PNB_TVL_OHSR_01
2168,33441,40.0,18:49:26,CC-C8-1E,PNB_TVL_OHSR_01
2168,33441,40.0,18:49:26,CC-C8-1E,PNB_TVL_OHSR_01
2168,33441,40.0,18:49:26,CC-C8-1E,PNB_TVL_OHSR_01
2168,33441,40.0,18:49:26,CC-C8-1E,PNB_TVL_OHSR_01
2168,33441,40.0,18:49:26,CC-C8-1E,PNB_TVL_OHSR_01
2168,33441,40.0,18:49:26,CC-C8-1E,PNB_TVL_OHSR_01
2168,33441,40.0,18:49:26,CC-C8-1E,PNB_TVL_OHSR_01
2168,33441,40.0,18:49:26,CC-C8-1E,PNB_TVL_OHSR_01
2168,33441,40.0,18:49:26,CC-C8-1E,PNB_TVL_OHSR_01
2168,33441,40.0,18:49:26,CC-C8-1E,PNB_TVL_OHSR_01
2168,33441,40.0,18:49:26,CC-C8-1E,PNB_TVL_OHSR_01
2168,33441,40.0,18:49:26,CC-C8-1E,PNB_TVL_OHSR_01
2168,33441,40.0,18:49:26,CC-C8-1E,PNB_TVL_OHSR_01
2168,33441,40.0,18:49:26,CC-C8-1E,PNB_TVL_OHSR_01
2208,33453,40.0,19:09:55,CC-C8-1E,PNB_TVL_OHSR_01
2208,33453,40.0,19:09:55,CC-C8-1E,PNB_TVL_OHSR_01
2208,33453,40.0,19:09:55,CC-C8-1E,PNB_TVL_OHSR_01
2208,33453,40.0,19:09:55,CC-C8-1E,PNB_TVL_OHSR_01
2208,33453,40.0,19:09:55,CC-C8-1E,PNB_TVL_OHSR_01
2208,33453,40.0,19:09:55,CC-C8-1E,PNB_TVL_OHSR_01
2208,33453,40.0,19:09:55,CC-C8-1E,PNB_TVL_OHSR_01
2208,33453,40.0,19:09:55,CC-C8-1E,PNB_TVL_OHSR_01
2208,33453,40.0,19:09:55,CC-C8-1E,PNB_TVL_OHSR_01
2208,33453,40.0,19:09:55,CC-C8-1E,PNB_TVL_OHSR_01
2208,33453,40.0,19:09:55,CC-C8-1E,PNB_TVL_OHSR_01
2208,33453,40.0,19:09:55,CC-C8-1E,PNB_TVL_OHSR_01
2208,33453,40.0,19:09:55,CC-C8-1E,PNB_TVL_OHSR_01
2208,33453,40.0,19:09:55,CC-C8-1E,PNB_TVL_OHSR_01
2208,33453,40.0,19:09:55,CC-C8-1E,PNB_TVL_OHSR_01
2208,33453,40.0,19:09:55,CC-C8-1E,PNB_TVL_OHSR_01
2208,33453,40.0,19:09:55,CC-C8-1E,PNB_TVL_OHSR_01
2208,33453,40.0,19:09:55,CC-C8-1E,PNB_TVL_OHSR_01
2208,33453,40.0,19:09:55,CC-C8-1E,PNB_TVL_OHSR_01
2208,33453,40.0,19:09:55,CC-C8-1E,PNB_TVL_OHSR_01
2246,33481,40.0,19:29:14,CC-C8-1E,PNB_TVL_OHSR_01
2246,33481,40.0,19:29:14,CC-C8-1E,PNB_TVL_OHSR_01
2246,33481,40.0,19:29:14,CC-C8-1E,PNB_TVL_OHSR_01
2246,33481,40.0,19:29:14,CC-C8-1E,PNB_TVL_OHSR_01
2246,33481,40.0,19:29:14,CC-C8-1E,PNB_TVL_OHSR_01
2246,33481,40.0,19:29:14,CC-C8-1E,PNB_TVL_OHSR_01
2246,33481,40.0,19:29:14,CC-C8-1E,PNB_TVL_OHSR_01
2246,33481,40.0,19:29:14,CC-C8-1E,PNB_TVL_OHSR_01
2246,33481,40.0,19:29:14,CC-C8-1E,PNB_TVL_OHSR_01
2246,33481,40.0,19:29:14,CC-C8-1E,PNB_TVL_OHSR_01
2246,33481,40.0,19:29:14,CC-C8-1E,PNB_TVL_OHSR_01
2246,33481,40.0,19:29:14,CC-C8-1E,PNB_TVL_OHSR_01
2246,33481,40.0,19:29:14,CC-C8-1E,PNB_TVL_OHSR_01
2246,33481,40.0,19:29:14,CC-C8-1E,PNB_TVL_OHSR_01
2246,33481,40.0,19:29:14,CC-C8-1E,PNB_TVL_OHSR_01
2246,33481,40.0,19:29:14,CC-C8-1E,PNB_TVL_OHSR_01
2246,33481,40.0,19:29:14,CC-C8-1E,PNB_TVL_OHSR_01
2246,33481,40.0,19:29:14,CC-C8-1E,PNB_TVL_OHSR_01
2246,33481,40.0,19:29:14,CC-C8-1E,PNB_TVL_OHSR_01
2246,33481,40.0,19:29:14,CC-C8-1E,PNB_TVL_OHSR_01
2286,33509,40.0,19:49:34,CC-C8-1E,PNB_TVL_OHSR_01
2286,33509,40.0,19:49:34,CC-C8-1E,PNB_TVL_OHSR_01
2286,33509,40.0,19:49:34,CC-C8-1E,PNB_TVL_OHSR_01
2286,33509,40.0,19:49:34,CC-C8-1E,PNB_TVL_OHSR_01
2286,33509,40.0,19:49:34,CC-C8-1E,PNB_TVL_OHSR_01
2286,33509,40.0,19:49:34,CC-C8-1E,PNB_TVL_OHSR_01
2286,33509,40.0,19:49:34,CC-C8-1E,PNB_TVL_OHSR_01
2286,33509,40.0,19:49:34,CC-C8-1E,PNB_TVL_OHSR_01
2286,33509,40.0,19:49:34,CC-C8-1E,PNB_TVL_OHSR_01
2286,33509,40.0,19:49:34,CC-C8-1E,PNB_TVL_OHSR_01
2286,33509,40.0,19:49:34,CC-C8-1E,PNB_TVL_OHSR_01
2286,33509,40.0,19:49:34,CC-C8-1E,PNB_TVL_OHSR_01
2286,33509,40.0,19:49:34,CC-C8-1E,PNB_TVL_OHSR_01
2286,33509,40.0,19:49:34,CC-C8-1E,PNB_TVL_OHSR_01
2286,33509,40.0,19:49:34,CC-C8-1E,PNB_TVL_OHSR_01
2286,33509,40.0,19:49:34,CC-C8-1E,PNB_TVL_OHSR_01
2286,33509,40.0,19:49:34,CC-C8-1E,PNB_TVL_OHSR_01
2286,33509,40.0,19:49:34,CC-C8-1E,PNB_TVL_OHSR_01
2286,33509,40.0,19:49:34,CC-C8-1E,PNB_TVL_OHSR_01
2286,33509,40.0,19:49:34,CC-C8-1E,PNB_TVL_OHSR_01
2326,33539,40.0,20:09:25,CC-C8-1E,PNB_TVL_OHSR_01
2326,33539,40.0,20:09:25,CC-C8-1E,PNB_TVL_OHSR_01
2326,33539,40.0,20:09:25,CC-C8-1E,PNB_TVL_OHSR_01
2326,33539,40.0,20:09:25,CC-C8-1E,PNB_TVL_OHSR_01
2326,33539,40.0,20:09:25,CC-C8-1E,PNB_TVL_OHSR_01
2326,33539,40.0,20:09:25,CC-C8-1E,PNB_TVL_OHSR_01
2326,33539,40.0,20:09:25,CC-C8-1E,PNB_TVL_OHSR_01
2326,33539,40.0,20:09:25,CC-C8-1E,PNB_TVL_OHSR_01
2326,33539,40.0,20:09:25,CC-C8-1E,PNB_TVL_OHSR_01
2326,33539,40.0,20:09:25,CC-C8-1E,PNB_TVL_OHSR_01
2326,33539,40.0,20:09:25,CC-C8-1E,PNB_TVL_OHSR_01
2326,33539,40.0,20:09:25,CC-C8-1E,PNB_TVL_OHSR_01
2326,33539,40.0,20:09:25,CC-C8-1E,PNB_TVL_OHSR_01
2326,33539,40.0,20:09:25,CC-C8-1E,PNB_TVL_OHSR_01
2326,33539,40.0,20:09:25,CC-C8-1E,PNB_TVL_OHSR_01
2326,33539,40.0,20:09:25,CC-C8-1E,PNB_TVL_OHSR_01
2326,33539,40.0,20:09:25,CC-C8-1E,PNB_TVL_OHSR_01
2326,33539,40.0,20:09:25,CC-C8-1E,PNB_TVL_OHSR_01
2326,33539,40.0,20:09:25,CC-C8-1E,PNB_TVL_OHSR_01
2326,33539,40.0,20:09:25,CC-C8-1E,PNB_TVL_OHSR_01
2365,33569,40.0,20:29:13,CC-C8-1E,PNB_TVL_OHSR_01
2365,33569,40.0,20:29:13,CC-C8-1E,PNB_TVL_OHSR_01
2365,33569,40.0,20:29:13,CC-C8-1E,PNB_TVL_OHSR_01
2365,33569,40.0,20:29:13,CC-C8-1E,PNB_TVL_OHSR_01
2365,33569,40.0,20:29:13,CC-C8-1E,PNB_TVL_OHSR_01
2365,33569,40.0,20:29:13,CC-C8-1E,PNB_TVL_OHSR_01
2365,33569,40.0,20:29:13,CC-C8-1E,PNB_TVL_OHSR_01
2365,33569,40.0,20:29:13,CC-C8-1E,PNB_TVL_OHSR_01
2365,33569,40.0,20:29:13,CC-C8-1E,PNB_TVL_OHSR_01
2365,33569,40.0,20:29:13,CC-C8-1E,PNB_TVL_OHSR_01
2365,33569,40.0,20:29:13,CC-C8-1E,PNB_TVL_OHSR_01
2365,33569,40.0,20:29:13,CC-C8-1E,PNB_TVL_OHSR_01
2365,33569,40.0,20:29:13,CC-C8-1E,PNB_TVL_OHSR_01
2365,33569,40.0,20:29:13,CC-C8-1E,PNB_TVL_OHSR_01
2365,33569,40.0,20:29:13,CC-C8-1E,PNB_TVL_OHSR_01
2365,33569,40.0,20:29:13,CC-C8-1E,PNB_TVL_OHSR_01
2365,33569,40.0,20:29:13,CC-C8-1E,PNB_TVL_OHSR_01
2365,33569,40.0,20:29:13,CC-C8-1E,PNB_TVL_OHSR_01
2365,33569,40.0,20:29:13,CC-C8-1E,PNB_TVL_OHSR_01
2365,33569,40.0,20:29:13,CC-C8-1E,PNB_TVL_OHSR_01
2405,33599,40.0,20:49:15,CC-C8-1E,PNB_TVL_OHSR_01
2405,33599,40.0,20:49:15,CC-C8-1E,PNB_TVL_OHSR_01
2405,33599,40.0,20:49:15,CC-C8-1E,PNB_TVL_OHSR_01
2405,33599,40.0,20:49:15,CC-C8-1E,PNB_TVL_OHSR_01
2405,33599,40.0,20:49:15,CC-C8-1E,PNB_TVL_OHSR_01
2405,33599,40.0,20:49:15,CC-C8-1E,PNB_TVL_OHSR_01
2405,33599,40.0,20:49:15,CC-C8-1E,PNB_TVL_OHSR_01
2405,33599,40.0,20:49:15,CC-C8-1E,PNB_TVL_OHSR_01
2405,33599,40.0,20:49:15,CC-C8-1E,PNB_TVL_OHSR_01
2405,33599,40.0,20:49:15,CC-C8-1E,PNB_TVL_OHSR_01
2405,33599,40.0,20:49:15,CC-C8-1E,PNB_TVL_OHSR_01
2405,33599,40.0,20:49:15,CC-C8-1E,PNB_TVL_OHSR_01
2405,33599,40.0,20:49:15,CC-C8-1E,PNB_TVL_OHSR_01
2405,33599,40.0,20:49:15,CC-C8-1E,PNB_TVL_OHSR_01
2405,33599,40.0,20:49:15,CC-C8-1E,PNB_TVL_OHSR_01
2405,33599,40.0,20:49:15,CC-C8-1E,PNB_TVL_OHSR_01
2405,33599,40.0,20:49:15,CC-C8-1E,PNB_TVL_OHSR_01
2405,33599,40.0,20:49:15,CC-C8-1E,PNB_TVL_OHSR_01
2405,33599,40.0,20:49:15,CC-C8-1E,PNB_TVL_OHSR_01
2405,33599,40.0,20:49:15,CC-C8-1E,PNB_TVL_OHSR_01
2448,33599,40.0,21:09:00,CC-C8-1E,PNB_TVL_OHSR_01
2448,33599,40.0,21:09:00,CC-C8-1E,PNB_TVL_OHSR_01
2448,33599,40.0,21:09:00,CC-C8-1E,PNB_TVL_OHSR_01
2448,33599,40.0,21:09:00,CC-C8-1E,PNB_TVL_OHSR_01
2448,33599,40.0,21:09:00,CC-C8-1E,PNB_TVL_OHSR_01
2448,33599,40.0,21:09:00,CC-C8-1E,PNB_TVL_OHSR_01
2448,33599,40.0,21:09:00,CC-C8-1E,PNB_TVL_OHSR_01
2448,33599,40.0,21:09:00,CC-C8-1E,PNB_TVL_OHSR_01
2448,33599,40.0,21:09:00,CC-C8-1E,PNB_TVL_OHSR_01
2448,33599,40.0,21:09:00,CC-C8-1E,PNB_TVL_OHSR_01
2448,33599,40.0,21:09:00,CC-C8-1E,PNB_TVL_OHSR_01
2448,33599,40.0,21:09:00,CC-C8-1E,PNB_TVL_OHSR_01
2448,33599,40.0,21:09:00,CC-C8-1E,PNB_TVL_OHSR_01
2448,33599,40.0,21:09:00,CC-C8-1E,PNB_TVL_OHSR_01
2448,33599,40.0,21:09:00,CC-C8-1E,PNB_TVL_OHSR_01
2448,33599,40.0,21:09:00,CC-C8-1E,PNB_TVL_OHSR_01
2448,33599,40.0,21:09:00,CC-C8-1E,PNB_TVL_OHSR_01
2448,33599,40.0,21:09:00,CC-C8-1E,PNB_TVL_OHSR_01
2448,33599,40.0,21:09:00,CC-C8-1E,PNB_TVL_OHSR_01
2448,33599,40.0,21:09:00,CC-C8-1E,PNB_TVL_OHSR_01
2487,33599,40.0,21:29:13,CC-C8-1E,PNB_TVL_OHSR_01
2487,33599,40.0,21:29:13,CC-C8-1E,PNB_TVL_OHSR_01
2487,33599,40.0,21:29:13,CC-C8-1E,PNB_TVL_OHSR_01
2487,33599,40.0,21:29:13,CC-C8-1E,PNB_TVL_OHSR_01
2487,33599,40.0,21:29:13,CC-C8-1E,PNB_TVL_OHSR_01
2487,33599,40.0,21:29:13,CC-C8-1E,PNB_TVL_OHSR_01
2487,33599,40.0,21:29:13,CC-C8-1E,PNB_TVL_OHSR_01
2487,33599,40.0,21:29:13,CC-C8-1E,PNB_TVL_OHSR_01
2487,33599,40.0,21:29:13,CC-C8-1E,PNB_TVL_OHSR_01
2487,33599,40.0,21:29:13,CC-C8-1E,PNB_TVL_OHSR_01
2487,33599,40.0,21:29:13,CC-C8-1E,PNB_TVL_OHSR_01
2487,33599,40.0,21:29:13,CC-C8-1E,PNB_TVL_OHSR_01
2487,33599,40.0,21:29:13,CC-C8-1E,PNB_TVL_OHSR_01
2487,33599,40.0,21:29:13,CC-C8-1E,PNB_TVL_OHSR_01
2487,33599,40.0,21:29:13,CC-C8-1E,PNB_TVL_OHSR_01
2487,33599,40.0,21:29:13,CC-C8-1E,PNB_TVL_OHSR_01
2487,33599,40.0,21:29:13,CC-C8-1E,PNB_TVL_OHSR_01
2487,33599,40.0,21:29:13,CC-C8-1E,PNB_TVL_OHSR_01
2487,33599,40.0,21:29:13,CC-C8-1E,PNB_TVL_OHSR_01
2487,33599,40.0,21:29:13,CC-C8-1E,PNB_TVL_OHSR_01
2528,33599,40.0,21:49:40,CC-C8-1E,PNB_TVL_OHSR_01
2528,33599,40.0,21:49:40,CC-C8-1E,PNB_TVL_OHSR_01
2528,33599,40.0,21:49:40,CC-C8-1E,PNB_TVL_OHSR_01
2528,33599,40.0,21:49:40,CC-C8-1E,PNB_TVL_OHSR_01
2528,33599,40.0,21:49:40,CC-C8-1E,PNB_TVL_OHSR_01
2528,33599,40.0,21:49:40,CC-C8-1E,PNB_TVL_OHSR_01
2528,33599,40.0,21:49:40,CC-C8-1E,PNB_TVL_OHSR_01
2528,33599,40.0,21:49:40,CC-C8-1E,PNB_TVL_OHSR_01
2528,33599,40.0,21:49:40,CC-C8-1E,PNB_TVL_OHSR_01
2528,33599,40.0,21:49:40,CC-C8-1E,PNB_TVL_OHSR_01
2528,33599,40.0,21:49:40,CC-C8-1E,PNB_TVL_OHSR_01
2528,33599,40.0,21:49:40,CC-C8-1E,PNB_TVL_OHSR_01
2528,33599,40.0,21:49:40,CC-C8-1E,PNB_TVL_OHSR_01
2528,33599,40.0,21:49:40,CC-C8-1E,PNB_TVL_OHSR_01
2528,33599,40.0,21:49:40,CC-C8-1E,PNB_TVL_OHSR_01
2528,33599,40.0,21:49:40,CC-C8-1E,PNB_TVL_OHSR_01
2528,33599,40.0,21:49:40,CC-C8-1E,PNB_TVL_OHSR_01
2528,33599,40.0,21:49:40,CC-C8-1E,PNB_TVL_OHSR_01
2528,33599,40.0,21:49:40,CC-C8-1E,PNB_TVL_OHSR_01
2528,33599,40.0,21:49:40,CC-C8-1E,PNB_TVL_OHSR_01
2566,33599,40.0,22:09:55,CC-C8-1E,PNB_TVL_OHSR_01
2566,33599,40.0,22:09:55,CC-C8-1E,PNB_TVL_OHSR_01
2566,33599,40.0,22:09:55,CC-C8-1E,PNB_TVL_OHSR_01
2566,33599,40.0,22:09:55,CC-C8-1E,PNB_TVL_OHSR_01
2566,33599,40.0,22:09:55,CC-C8-1E,PNB_TVL_OHSR_01
2566,33599,40.0,22:09:55,CC-C8-1E,PNB_TVL_OHSR_01
2566,33599,40.0,22:09:55,CC-C8-1E,PNB_TVL_OHSR_01
2566,33599,40.0,22:09:55,CC-C8-1E,PNB_TVL_OHSR_01
2566,33599,40.0,22:09:55,CC-C8-1E,PNB_TVL_OHSR_01
2566,33599,40.0,22:09:55,CC-C8-1E,PNB_TVL_OHSR_01
2566,33599,40.0,22:09:55,CC-C8-1E,PNB_TVL_OHSR_01
2566,33599,40.0,22:09:55,CC-C8-1E,PNB_TVL_OHSR_01
2566,33599,40.0,22:09:55,CC-C8-1E,PNB_TVL_OHSR_01
2566,33599,40.0,22:09:55,CC-C8-1E,PNB_TVL_OHSR_01
2566,33599,40.0,22:09:55,CC-C8-1E,PNB_TVL_OHSR_01
2566,33599,40.0,22:09:55,CC-C8-1E,PNB_TVL_OHSR_01
2566,33599,40.0,22:09:55,CC-C8-1E,PNB_TVL_OHSR_01
2566,33599,40.0,22:09:55,CC-C8-1E,PNB_TVL_OHSR_01
2566,33599,40.0,22:09:55,CC-C8-1E,PNB_TVL_OHSR_01
2566,33599,40.0,22:09:55,CC-C8-1E,PNB_TVL_OHSR_01
2604,33599,40.0,22:29:19,CC-C8-1E,PNB_TVL_OHSR_01
2604,33599,40.0,22:29:19,CC-C8-1E,PNB_TVL_OHSR_01
2604,33599,40.0,22:29:19,CC-C8-1E,PNB_TVL_OHSR_01
2604,33599,40.0,22:29:19,CC-C8-1E,PNB_TVL_OHSR_01
2604,33599,40.0,22:29:19,CC-C8-1E,PNB_TVL_OHSR_01
2604,33599,40.0,22:29:19,CC-C8-1E,PNB_TVL_OHSR_01
2604,33599,40.0,22:29:19,CC-C8-1E,PNB_TVL_OHSR_01
2604,33599,40.0,22:29:19,CC-C8-1E,PNB_TVL_OHSR_01
2604,33599,40.0,22:29:19,CC-C8-1E,PNB_TVL_OHSR_01
2604,33599,40.0,22:29:19,CC-C8-1E,PNB_TVL_OHSR_01
2604,33599,40.0,22:29:19,CC-C8-1E,PNB_TVL_OHSR_01
2604,33599,40.0,22:29:19,CC-C8-1E,PNB_TVL_OHSR_01
2604,33599,40.0,22:29:19,CC-C8-1E,PNB_TVL_OHSR_01
2604,33599,40.0,22:29:19,CC-C8-1E,PNB_TVL_OHSR_01
2604,33599,40.0,22:29:19,CC-C8-1E,PNB_TVL_OHSR_01
2604,33599,40.0,22:29:19,CC-C8-1E,PNB_TVL_OHSR_01
2604,33599,40.0,22:29:19,CC-C8-1E,PNB_TVL_OHSR_01
2604,33599,40.0,22:29:19,CC-C8-1E,PNB_TVL_OHSR_01
2604,33599,40.0,22:29:19,CC-C8-1E,PNB_TVL_OHSR_01
2604,33599,40.0,22:29:19,CC-C8-1E,PNB_TVL_OHSR_01
2644,33599,40.0,22:49:21,CC-C8-1E,PNB_TVL_OHSR_01
2644,33599,40.0,22:49:21,CC-C8-1E,PNB_TVL_OHSR_01
2644,33599,40.0,22:49:21,CC-C8-1E,PNB_TVL_OHSR_01
2644,33599,40.0,22:49:21,CC-C8-1E,PNB_TVL_OHSR_01
2644,33599,40.0,22:49:21,CC-C8-1E,PNB_TVL_OHSR_01
2644,33599,40.0,22:49:21,CC-C8-1E,PNB_TVL_OHSR_01
2644,33599,40.0,22:49:21,CC-C8-1E,PNB_TVL_OHSR_01
2644,33599,40.0,22:49:21,CC-C8-1E,PNB_TVL_OHSR_01
2644,33599,40.0,22:49:21,CC-C8-1E,PNB_TVL_OHSR_01
2644,33599,40.0,22:49:21,CC-C8-1E,PNB_TVL_OHSR_01
2644,33599,40.0,22:49:21,CC-C8-1E,PNB_TVL_OHSR_01
2644,33599,40.0,22:49:21,CC-C8-1E,PNB_TVL_OHSR_01
2644,33599,40.0,22:49:21,CC-C8-1E,PNB_TVL_OHSR_01
2644,33599,40.0,22:49:21,CC-C8-1E,PNB_TVL_OHSR_01
2644,33599,40.0,22:49:21,CC-C8-1E,PNB_TVL_OHSR_01
2644,33599,40.0,22:49:21,CC-C8-1E,PNB_TVL_OHSR_01
2644,33599,40.0,22:49:21,CC-C8-1E,PNB_TVL_OHSR_01
2644,33599,40.0,22:49:21,CC-C8-1E,PNB_TVL_OHSR_01
2644,33599,40.0,22:49:21,CC-C8-1E,PNB_TVL_OHSR_01
2644,33599,40.0,22:49:21,CC-C8-1E,PNB_TVL_OHSR_01
2682,33599,40.0,23:11:00,CC-C8-1E,PNB_TVL_OHSR_01
2682,33599,40.0,23:11:00,CC-C8-1E,PNB_TVL_OHSR_01
2682,33599,40.0,23:11:00,CC-C8-1E,PNB_TVL_OHSR_01
2682,33599,40.0,23:11:00,CC-C8-1E,PNB_TVL_OHSR_01
2682,33599,40.0,23:11:00,CC-C8-1E,PNB_TVL_OHSR_01
2682,33599,40.0,23:11:00,CC-C8-1E,PNB_TVL_OHSR_01
2682,33599,40.0,23:11:00,CC-C8-1E,PNB_TVL_OHSR_01
2682,33599,40.0,23:11:00,CC-C8-1E,PNB_TVL_OHSR_01
2682,33599,40.0,23:11:00,CC-C8-1E,PNB_TVL_OHSR_01
2682,33599,40.0,23:11:00,CC-C8-1E,PNB_TVL_OHSR_01
2682,33599,40.0,23:11:00,CC-C8-1E,PNB_TVL_OHSR_01
2682,33599,40.0,23:11:00,CC-C8-1E,PNB_TVL_OHSR_01
2682,33599,40.0,23:11:00,CC-C8-1E,PNB_TVL_OHSR_01
2682,33599,40.0,23:11:00,CC-C8-1E,PNB_TVL_OHSR_01
2682,33599,40.0,23:11:00,CC-C8-1E,PNB_TVL_OHSR_01
2682,33599,40.0,23:11:00,CC-C8-1E,PNB_TVL_OHSR_01
2682,33599,40.0,23:11:00,CC-C8-1E,PNB_TVL_OHSR_01
2682,33599,40.0,23:11:00,CC-C8-1E,PNB_TVL_OHSR_01
2682,33599,40.0,23:11:00,CC-C8-1E,PNB_TVL_OHSR_01
2682,33599,40.0,23:11:00,CC-C8-1E,PNB_TVL_OHSR_01
2682,33599,40.0,23:11:00,CC-C8-1E,PNB_TVL_OHSR_01
2682,33599,40.0,23:11:00,CC-C8-1E,PNB_TVL_OHSR_01
2682,33599,40.0,23:11:00,CC-C8-1E,PNB_TVL_OHSR_01
2682,33599,40.0,23:11:00,CC-C8-1E,PNB_TVL_OHSR_01
2682,33599,40.0,23:11:00,CC-C8-1E,PNB_TVL_OHSR_01
2682,33599,40.0,23:11:00,CC-C8-1E,PNB_TVL_OHSR_01
2682,33599,40.0,23:11:00,CC-C8-1E,PNB_TVL_OHSR_01
2682,33599,40.0,23:11:00,CC-C8-1E,PNB_TVL_OHSR_01
2682,33599,40.0,23:11:00,CC-C8-1E,PNB_TVL_OHSR_01
2682,33599,40.0,23:11:00,CC-C8-1E,PNB_TVL_OHSR_01
2682,33599,40.0,23:11:00,CC-C8-1E,PNB_TVL_OHSR_01
2682,33599,40.0,23:11:00,CC-C8-1E,PNB_TVL_OHSR_01
2682,33599,40.0,23:11:00,CC-C8-1E,PNB_TVL_OHSR_01
2682,33599,40.0,23:11:00,CC-C8-1E,PNB_TVL_OHSR_01
2682,33599,40.0,23:11:00,CC-C8-1E,PNB_TVL_OHSR_01
2682,33599,40.0,23:11:00,CC-C8-1E,PNB_TVL_OHSR_01
2682,33599,40.0,23:11:00,CC-C8-1E,PNB_TVL_OHSR_01
2682,33599,40.0,23:11:00,CC-C8-1E,PNB_TVL_OHSR_01
2682,33599,40.0,23:11:00,CC-C8-1E,PNB_TVL_OHSR_01
2682,33599,40.0,23:11:00,CC-C8-1E,PNB_TVL_OHSR_01
2682,33599,40.0,23:11:00,CC-C8-1E,PNB_TVL_OHSR_01
2682,33599,40.0,23:11:00,CC-C8-1E,PNB_TVL_OHSR_01
2682,33599,40.0,23:11:00,CC-C8-1E,PNB_TVL_OHSR_01
2682,33599,40.0,23:11:00,CC-C8-1E,PNB_TVL_OHSR_01
2682,33599,40.0,23:11:00,CC-C8-1E,PNB_TVL_OHSR_01
2682,33599,40.0,23:11:00,CC-C8-1E,PNB_TVL_OHSR_01
2682,33599,40.0,23:11:00,CC-C8-1E,PNB_TVL_OHSR_01
2682,33599,40.0,23:11:00,CC-C8-1E,PNB_TVL_OHSR_01
2682,33599,40.0,23:11:00,CC-C8-1E,PNB_TVL_OHSR_01
2682,33599,40.0,23:11:00,CC-C8-1E,PNB_TVL_OHSR_01
2682,33599,40.0,23:11:00,CC-C8-1E,PNB_TVL_OHSR_01
2682,33599,40.0,23:11:00,CC-C8-1E,PNB_TVL_OHSR_01
2682,33599,40.0,23:11:00,CC-C8-1E,PNB_TVL_OHSR_01
2682,33599,40.0,23:11:00,CC-C8-1E,PNB_TVL_OHSR_01
2682,33599,40.0,23:11:00,CC-C8-1E,PNB_TVL_OHSR_01
2682,33599,40.0,23:11:00,CC-C8-1E,PNB_TVL_OHSR_01
2682,33599,40.0,23:11:00,CC-C8-1E,PNB_TVL_OHSR_01
2682,33599,40.0,23:11:00,CC-C8-1E,PNB_TVL_OHSR_01
2682,33599,40.0,23:11:00,CC-C8-1E,PNB_TVL_OHSR_01
2682,33599,40.0,23:11:00,CC-C8-1E,PNB_TVL_OHSR_01
2682,33599,40.0,23:11:00,CC-C8-1E,PNB_TVL_OHSR_01
2682,33599,40.0,23:11:00,CC-C8-1E,PNB_TVL_OHSR_01
2682,33599,40.0,23:11:00,CC-C8-1E,PNB_TVL_OHSR_01
2682,33599,40.0,23:11:00,CC-C8-1E,PNB_TVL_OHSR_01
2682,33599,40.0,23:11:00,CC-C8-1E,PNB_TVL_OHSR_01
2682,33599,40.0,23:11:00,CC-C8-1E,PNB_TVL_OHSR_01
2682,33599,40.0,23:11:00,CC-C8-1E,PNB_TVL_OHSR_01
2682,33599,40.0,23:11:00,CC-C8-1E,PNB_TVL_OHSR_01
2682,33599,40.0,23:11:00,CC-C8-1E,PNB_TVL_OHSR_01
2682,33599,40.0,23:11:00,CC-C8-1E,PNB_TVL_OHSR_01
2682,33599,40.0,23:11:00,CC-C8-1E,PNB_TVL_OHSR_01
